Seed,Model,Train R²,Test R²,Train MSE,Test MSE,Train MAE,Test MAE,Predictions,Training_History
42,Linear Regression,0.5996123378385849,0.6372463455091533,0.40038766216141525,0.311346285767715,0.4361872542728607,0.4096981280531633,,
42,Ridge Regression,0.5995583813154219,0.6389600711404787,0.40044161868457817,0.3099684407698249,0.43597745148542527,0.40796840182690103,,
42,Lasso Regression,0.5704491014222873,0.5993409455528462,0.42955089857771284,0.34550937164140905,0.4506206997859153,0.42903719233633053,,
42,Elastic Net,0.5844664181183552,0.6224235498985174,0.4155335818816451,0.32544669834475864,0.4416505334817434,0.414433970519621,,
42,Random Forest,0.9497473635535298,0.6069164434440057,0.05025263644647025,0.33736728351810036,0.15371911410973216,0.3719059031679997,,
42,Extra Trees,1.0,0.588488915907455,1.680721033875564e-30,0.35352555445082795,9.381734702062867e-16,0.3724089874245381,,
42,Gradient Boosting,0.9821934178622849,0.6137881951849862,0.01780658213771507,0.330129438652547,0.09572619409056615,0.38007192249043864,,
42,Support Vector Regression,0.7915965858925955,0.6787032333633638,0.20840341410740465,0.27796426664370766,0.29259077890842367,0.34459506822928865,,
42,K-Nearest Neighbors,0.7183374512253166,0.735693508114948,0.2816625487746836,0.22869408336513602,0.3626074541672072,0.32467609242943896,,
42,Decision Tree,1.0,0.3853479886546849,7.09752543439755e-33,0.5286321587520408,2.0702929352641237e-17,0.4650712518260173,,
42,TabNet,0.7711684245095142,0.7390975787719416,0.22883157549048594,0.22525571648246132,0.32374081675457955,0.323383567189481,,
42,"BaseNeuralNetwork(
  (hidden_1): Linear(in_features=7, out_features=10, bias=True)
  (hidden_2): Linear(in_features=10, out_features=100, bias=True)
  (hidden_3): Linear(in_features=100, out_features=10, bias=True)
  (predict): Linear(in_features=10, out_features=4, bias=True)
)",0.9826031871884492,0.44197102258821674,0.017396812811550894,0.47898472120637503,0.09764226041492313,0.46886540261104603,"[[-0.7322597  -0.640898   -0.65139395 -0.51481014]
 [ 1.4884052   1.8563246   1.8279268   1.3159245 ]
 [ 1.7947476   1.9643348   1.87657     2.724365  ]
 [-0.87451404 -0.88570327 -0.87754345 -0.966897  ]
 [-0.5249033  -0.8472219  -0.70943385 -0.6472634 ]
 [-0.7258426  -0.82944494 -0.8227473  -0.9893254 ]
 [ 0.71701086  1.6095628   1.2043388   2.1806788 ]
 [-1.0790389  -0.9557909  -1.006213   -1.2206771 ]
 [-1.0611848  -0.94776255 -1.0849822  -1.2586902 ]
 [ 0.5662164   1.6587776   1.1181316   1.3319494 ]
 [ 0.5049139   1.0282428   0.8462261   0.90008795]
 [-0.97982377 -0.88862824 -1.0008596  -1.1822832 ]
 [-0.3356487   0.01939309 -0.19731261  0.19533578]
 [-0.54946655 -0.62645626 -0.5678754  -0.74330395]
 [-0.11855517 -0.31996483 -0.20961104 -0.41365042]
 [ 0.7812862   0.99178845  0.92585367  1.3402714 ]
 [-1.0563385  -1.0319352  -1.058143   -0.58976007]
 [-0.82604    -0.7756868  -0.86786264 -1.0929905 ]
 [-0.83367234 -0.8182229  -0.8687046  -1.042045  ]
 [-0.66697913 -0.5532263  -0.58361065 -0.3098565 ]
 [-1.0959669  -1.319901   -1.1942805  -0.7453884 ]
 [-0.6578647  -0.6088352  -0.63856536 -0.40858534]
 [-0.82394826 -0.75318444 -0.8150981  -1.0823138 ]
 [-0.04387571  0.13461624  0.06121774 -0.08415461]
 [-1.4197532  -1.3328602  -1.4727587  -1.011893  ]
 [-0.5903709  -0.6323892  -0.631921   -0.7370996 ]
 [ 0.08823869 -0.02513762  0.03188137  0.0895161 ]
 [ 1.8298247   1.3743562   1.56601     1.4561818 ]
 [-0.97945505 -0.8834677  -0.9898207  -1.1815442 ]
 [-0.65182143 -0.63294995 -0.6989956  -0.49926966]
 [-0.43879747 -0.41134572 -0.43591762 -0.23595482]
 [ 1.0737041   1.0875624   1.1693481   1.2197515 ]
 [ 3.0544996   1.7393018   2.598791    0.7546886 ]
 [ 1.3037381   1.4304208   1.4049681   1.0032732 ]
 [-0.44428152 -0.30637568 -0.43700314 -0.36760414]
 [ 0.43990076 -0.21853046  0.12908651 -0.15205781]
 [-0.88842684 -0.83712155 -0.9339398  -0.7851685 ]
 [-1.1854264  -1.2083776  -1.2867805  -1.3264521 ]
 [ 0.27743667 -0.10911359  0.10861896  0.18075886]
 [-0.9539172  -0.83753514 -0.8738152  -1.0090514 ]
 [ 0.61049217  0.7760887   0.7188946   0.86618304]
 [ 0.4812865  -0.18168908  0.12536244 -0.14056462]
 [-0.16259062  0.19007926  0.10527757 -0.09609717]
 [-1.1333963  -1.0624472  -1.1246215  -0.61002225]
 [ 0.03858237  0.23187362  0.11188489  0.5323429 ]
 [-0.7015342  -0.6815196  -0.7186022  -0.86473095]
 [-0.43055212 -0.48466837 -0.452681   -0.14997362]
 [-1.0817641  -0.957813   -1.0982524  -1.2672428 ]
 [ 0.8017939   1.6377916   1.3629576   1.3203422 ]
 [-0.3563689  -0.27522346 -0.32131422 -0.1535622 ]
 [-0.98526233 -0.89937484 -1.0191569  -1.2055882 ]
 [ 2.0704064   2.6700654   2.3450007   1.9290981 ]
 [-0.64791    -0.6134239  -0.6561488  -0.3938352 ]]","{'train_losses': [1.0019769235964744, 0.9687882988683639, 0.9041372304481845, 0.8058823130784496, 0.6252281932580855, 0.4703778117414444, 0.3967675751736087, 0.37447629917052483, 0.353871344678825, 0.34667328973450967, 0.3362743208004582, 0.3306071082911184, 0.3440433548342797, 0.3194414287084533, 0.31993634962747175, 0.3092906070092032, 0.3108115803089834, 0.30214059304806495, 0.2935917996350796, 0.28456073074090865, 0.284641268512895, 0.2720896807769614, 0.27794764779748454, 0.26421478540906984, 0.2676063230441463, 0.2532244093956486, 0.2537306432401942, 0.24715859226642117, 0.24872293984217028, 0.23328420249444823, 0.22941471828568366, 0.22897048631022054, 0.2215622165991414, 0.21502017572281823, 0.2259076840935215, 0.2138107470386932, 0.20817958707770995, 0.2117314029244646, 0.19555740268720734, 0.19964733701800147, 0.1947349428890213, 0.1890561159459814, 0.1903718261108283, 0.18943051489130144, 0.1814377957414235, 0.18261065328073117, 0.17408420806450228, 0.17438520413012273, 0.17487962676152105, 0.17144673618097458, 0.1757198444177066, 0.17443338330955274, 0.17171189789810487, 0.16525814504993538, 0.1579683198323173, 0.16311645916392725, 0.15906443897514574, 0.15893494506036082, 0.1542072777125624, 0.15463326084277323, 0.1535403313295495, 0.14853689044473634, 0.15146182831977645, 0.14660267597965657, 0.15095317213525694, 0.15007785491404996, 0.14859419694590953, 0.1437296432352835, 0.14759200874475703, 0.13537464432057836, 0.13857719851958175, 0.13753993280472293, 0.13814566524759417, 0.13317546909374575, 0.13256423890350327, 0.13092906619872777, 0.129917838941178, 0.12778229765113322, 0.13376977438888243, 0.13193290835366614, 0.1274239982087766, 0.12585152048737772, 0.12387765234997196, 0.11945811677123269, 0.12158054756301065, 0.12899603087815545, 0.1173215816698728, 0.11605303566302022, 0.11491090855410983, 0.11109916042656667, 0.10844172269947105, 0.10911620059801687, 0.1140776428003465, 0.11429829015246322, 0.10924486575588103, 0.10960263103967713, 0.11463664808580952, 0.11433997825388947, 0.1051382947592966, 0.10052658953974324, 0.10434182144461139, 0.10649813077743014, 0.1045826998268885, 0.09988254140461644, 0.0966752034521872, 0.09697625446583956, 0.09262499749480237, 0.10035190313693977, 0.09819145434566083, 0.09197967523528684, 0.09210824732097887, 0.08855598523551898, 0.08644432427301522, 0.1008691069099211, 0.082965737524172, 0.0838023446980984, 0.08182384169870807, 0.09007453347646421, 0.08021516902672668, 0.08728351591215018, 0.08316608238965273, 0.08157889391746252, 0.08308111320460035, 0.08408839222524435, 0.07952178864469452, 0.08255017978409605, 0.07838109056014687, 0.07283506248026125, 0.07285312443010268, 0.07171046316263176, 0.06832450237726012, 0.07094162864790808, 0.06873713580951575, 0.07131237064998958, 0.06460270646118349, 0.06491200310448485, 0.06497932423747355, 0.06217586964128479, 0.063762339793386, 0.062103589335756916, 0.07436281325475823, 0.06144418489308127, 0.05942680863963981, 0.06229054378045182, 0.05677078569668435, 0.05251792687622289, 0.052910824186138565, 0.051445610130265836, 0.05719492707641855, 0.059069182573547284, 0.05635668517601106, 0.053381722270240704, 0.05646781959841328, 0.047598254926983385, 0.05048861724114226, 0.048954290968756524, 0.04674943791882646, 0.05160155300531657, 0.051286335193341775, 0.04642478040149135, 0.045842496167507865, 0.046884140119917934, 0.044855889684009935, 0.04415020217458086, 0.04625890699906215, 0.0450921879720784, 0.04297691838996064, 0.04192796830208071, 0.040575988590717316, 0.04114189823608725, 0.04019474999738797, 0.037962417058166, 0.040829448104505575, 0.044001405022197196, 0.04046354857423613, 0.0387874010409559, 0.040700300942145044, 0.03614200274610231, 0.037155686261793296, 0.03662058867273792, 0.0384276577632033, 0.03902969300566662, 0.03949005741085256, 0.040210935167006905, 0.04133251370982297, 0.04147613529236086, 0.0403245760488414, 0.04229065361282518, 0.04022755026216469, 0.039457377782391924, 0.03613856570014069, 0.035440693954907114, 0.04420713731838811, 0.040142236067162405, 0.03265672438447514, 0.03222154825925827, 0.03271664012854378, 0.03428786803757952, 0.0330976590874695, 0.030742804129277507, 0.03307380049579566, 0.029982029250071894, 0.03016648931248534, 0.03302187694897575, 0.03238603384083798, 0.03323251319928996, 0.03365294264268971, 0.043763657250712, 0.03259299031548923, 0.030663553234790603, 0.03418736607437172, 0.02956045521122794, 0.030257935140041575, 0.028640281439067855, 0.03064854070544243, 0.029791323062513145, 0.03143801416961416, 0.032159837518608375, 0.02746838436371857, 0.029189732496536547, 0.027649839844314322, 0.028683879067220034, 0.026721218030058568, 0.026512751701257883, 0.02705753270176149, 0.02893934386872476, 0.025796275965178445, 0.026039282025228584, 0.02850397456918032, 0.027134785338515235, 0.0263214742148956, 0.02599055015091454, 0.024630754074502374, 0.02507896007849805, 0.028211042360072176, 0.025169206332535513, 0.026965054292832653, 0.02562882336637666, 0.02569359058754579, 0.02596341666855639, 0.02537830346714585, 0.02472389062806483, 0.02376384361677112, 0.024154281814492518, 0.025861348265842084, 0.025110541782792536, 0.026853279571139043, 0.024942412867300933, 0.024766906389906522, 0.024710610584025423, 0.023025914816366087, 0.024332320317626, 0.026469330573754925, 0.024793808663924857, 0.024677287757156358, 0.031804905363148256, 0.028286882345714876, 0.028517480218602766, 0.028622928961750962, 0.023811563534001188, 0.020950130292124326, 0.022730756686219284, 0.022865380250638532, 0.021833978232837493, 0.02138155728818909, 0.026498848542330727, 0.023667186543705962, 0.024281074878789725, 0.020563711066760363, 0.020342423700757565, 0.02080128453071079, 0.019638919391699376, 0.02075864996520742, 0.021067409956407164, 0.020084696431313793, 0.019478077098967567, 0.019718741915459113, 0.02103230657596742, 0.019965275506218596, 0.02188638997294249, 0.021821986928942702, 0.025362239519674933, 0.034263599423631545, 0.026519825411660057, 0.02950188463493701, 0.024499354035323186, 0.018771310592250477, 0.018275169144955375, 0.018088693790618452, 0.017378338845446706, 0.017172480287450935, 0.01771405584088737, 0.025854212111763416, 0.028131456459842382, 0.028164838951441548, 0.024828852394655827, 0.02074285933086949, 0.020692194781957135, 0.017823923198926832, 0.017440616769055204], 'test_losses': [0.8446964621543884, 0.286464661359787, 0.3106878399848938, 0.32085689902305603, 0.3151685893535614, 0.33087682723999023, 0.3362099230289459, 0.326539009809494, 0.33230119943618774, 0.34027382731437683, 0.34187695384025574, 0.3521253168582916, 0.3575628101825714, 0.3931284546852112, 0.41191935539245605, 0.4000087380409241, 0.42557796835899353, 0.42232757806777954, 0.45614713430404663, 0.4398663341999054, 0.4578990936279297, 0.4627431035041809, 0.45988744497299194, 0.45743370056152344, 0.4709058105945587, 0.46877628564834595, 0.4795108735561371, 0.48044371604919434, 0.4797284007072449, 0.4788808226585388], 'train_r2_scores': [0.012260022253609337, 0.6749175299930186, 0.7263836851780053, 0.7765621652080062, 0.812862706248322, 0.838440143894824, 0.8564705859759983, 0.8705309431698582, 0.8817961979623037, 0.8962340016597395, 0.9025902191931923, 0.9108463464664495, 0.9242043317383504, 0.9345940793001575, 0.9426690634837271, 0.9502053205457033, 0.9502725660268465, 0.9621639499920114, 0.9603077756900628, 0.9691281457359844, 0.9710153029757994, 0.9729439217383281, 0.9746172450872208, 0.9766835695528502, 0.977726332333026, 0.9783221667786071, 0.9791614197433656, 0.9804870807715258, 0.9705821619958115, 0.9833097573842153], 'test_r2_scores': [0.02524521779975719, 0.666847458485794, 0.6395289283446447, 0.6286290041951491, 0.6358701319547857, 0.6178867255264424, 0.611527234485963, 0.6232485427420853, 0.6167261250165899, 0.6070347353615728, 0.6053374384797157, 0.5923916005241954, 0.5868692031494633, 0.5455677151090591, 0.5239270643977656, 0.5370054641616603, 0.507994832474401, 0.5106997892021647, 0.47216831923714037, 0.4910200920158113, 0.4690228965364218, 0.4630373299801337, 0.4663796652734773, 0.46867730218227144, 0.4527214838564676, 0.45535083714169944, 0.4423063061592237, 0.4410278692761591, 0.440959837738426, 0.4428379707977983], 'epochs': 300, 'final_metrics': {'train_mse': 0.017396812811550894, 'test_mse': 0.47898472120637503, 'train_mae': 0.09764226041492313, 'test_mae': 0.46886540261104603, 'train_r2': 0.9826031871884492, 'test_r2': 0.44197102258821674}}"
42,"ExplainableDBPsModel(
  (feature_extractor): PhysicsInformedFeatureExtractor(
    (group_extractors): ModuleDict(
      (environmental): Sequential(
        (0): Linear(in_features=2, out_features=32, bias=True)
        (1): ReLU()
        (2): Dropout(p=0.1, inplace=False)
      )
      (organic_matter): Sequential(
        (0): Linear(in_features=1, out_features=16, bias=True)
        (1): ReLU()
        (2): Dropout(p=0.1, inplace=False)
      )
      (disinfectant): Sequential(
        (0): Linear(in_features=1, out_features=16, bias=True)
        (1): ReLU()
        (2): Dropout(p=0.1, inplace=False)
      )
      (nitrogen_species): Sequential(
        (0): Linear(in_features=2, out_features=32, bias=True)
        (1): ReLU()
        (2): Dropout(p=0.1, inplace=False)
      )
      (halides): Sequential(
        (0): Linear(in_features=1, out_features=16, bias=True)
        (1): ReLU()
        (2): Dropout(p=0.1, inplace=False)
      )
    )
    (chemistry_encoder): Sequential(
      (0): Linear(in_features=3, out_features=16, bias=True)
      (1): ReLU()
      (2): Dropout(p=0.1, inplace=False)
    )
    (interaction_extractor): Sequential(
      (0): Linear(in_features=128, out_features=64, bias=True)
      (1): ReLU()
      (2): Dropout(p=0.2, inplace=False)
      (3): Linear(in_features=64, out_features=32, bias=True)
    )
  )
  (attention): AttentionMechanism(
    (attention): Sequential(
      (0): Linear(in_features=128, out_features=64, bias=True)
      (1): ReLU()
      (2): Linear(in_features=64, out_features=5, bias=True)
      (3): Softmax(dim=1)
    )
  )
  (predictor): DBPsSpecificPredictor(
    (predictors): ModuleList(
      (0-3): 4 x Sequential(
        (0): Linear(in_features=160, out_features=128, bias=True)
        (1): ReLU()
        (2): Dropout(p=0.2, inplace=False)
        (3): Linear(in_features=128, out_features=64, bias=True)
        (4): ReLU()
        (5): Linear(in_features=64, out_features=1, bias=True)
      )
    )
  )
)",0.9471822200863327,0.6079375587500557,0.052817779913667394,0.33646418218730173,0.15179763977898147,0.38586696832498824,"[[-0.59126824 -0.62892926 -0.58366555 -0.6684287 ]
 [ 1.5752075   1.5397611   1.5312232   1.1453799 ]
 [ 1.2139901   1.2122439   1.2050802   1.7202928 ]
 [-0.64592105 -0.72009146 -0.67990905 -0.84795934]
 [-0.5548837  -0.61643815 -0.5594178  -0.38851687]
 [-0.580681   -0.68246734 -0.6435147  -0.71494055]
 [ 0.4814254   0.66821814  0.611126    1.0350755 ]
 [-1.0555972  -0.9179846  -1.0332868  -1.1857685 ]
 [-1.0639772  -0.95158756 -1.0448948  -1.3669124 ]
 [ 0.40955424  0.8572601   0.64634764  0.6867934 ]
 [ 1.777006    2.8397644   2.3121727   1.6648498 ]
 [-0.9770821  -0.8974286  -0.9638954  -1.2171121 ]
 [ 0.06555535  0.16849907  0.21910326  0.18353936]
 [-0.6116852  -0.6344995  -0.61175615 -0.6706963 ]
 [-0.27583003 -0.2689078  -0.27361017  0.10420822]
 [ 0.89819676  0.5572024   0.784031    0.959734  ]
 [-0.59698284 -0.6800701  -0.58299345 -0.32223234]
 [-0.8826224  -0.78472453 -0.84962845 -1.0892973 ]
 [-0.83479154 -0.7692193  -0.8025508  -1.0725912 ]
 [-0.49905297 -0.5540511  -0.50088316 -0.35742944]
 [-0.6963379  -0.78122693 -0.73677576 -0.83343554]
 [-0.7470897  -0.63072604 -0.67623085 -0.36479786]
 [-0.9537025  -0.84663486 -0.894125   -1.1712018 ]
 [-0.06811044  0.27692032  0.14771692 -0.12232886]
 [-0.8527306  -0.86003184 -0.8646333  -0.7366502 ]
 [-0.4555038  -0.2999493  -0.3417065  -0.3412984 ]
 [ 0.7126221   1.1230841   0.94314986  0.8457159 ]
 [ 1.4715753   1.28494     1.357407    1.2181114 ]
 [-1.0116234  -0.9133617  -0.995227   -1.2845976 ]
 [-0.7829589  -0.7252689  -0.7568695  -0.60951835]
 [-0.52334905 -0.6408449  -0.5491764  -0.34456652]
 [ 1.2849551   1.0555918   1.1483768   0.7291661 ]
 [ 2.963959    2.32974     2.7560012   1.8848586 ]
 [ 1.2350401   1.8513323   1.6053692   1.293497  ]
 [-0.510581   -0.5130674  -0.50574034 -0.39812097]
 [ 0.2267548  -0.3483792  -0.08360529 -0.17198074]
 [-0.6777657  -0.68751633 -0.6665035  -0.4942793 ]
 [-0.88984096 -0.8684142  -0.8864849  -1.1108037 ]
 [-0.27448568 -0.4807009  -0.35266656 -0.04624817]
 [-0.8689411  -0.80432    -0.8391592  -0.9996085 ]
 [ 0.82825005  1.4250597   1.1754533   1.2170378 ]
 [ 0.17011458 -0.2521544  -0.04174434 -0.06384857]
 [-0.4013064   0.18090166 -0.20075358 -0.5195908 ]
 [-0.61277395 -0.6928328  -0.6096768  -0.44736072]
 [ 1.1302617   1.4859579   1.4210558   1.8768998 ]
 [-0.62297815 -0.5861817  -0.59284544 -0.69721156]
 [-0.30929527 -0.51550335 -0.31138504  0.4673857 ]
 [-1.0496653  -0.87282276 -0.98776764 -1.1213256 ]
 [ 1.2832731   1.4873271   1.571875    1.3267764 ]
 [-0.4577759  -0.30937058 -0.36362332 -0.31318617]
 [-0.96355563 -0.9164407  -0.9474157  -1.2756542 ]
 [ 1.7038454   2.1848567   1.9753345   1.472808  ]
 [-0.57750386 -0.54734087 -0.54341197 -0.2992245 ]]","{'train_losses': [1.00437331199646, 0.9916818737983704, 0.9785643219947815, 0.9641731977462769, 0.9539628028869629, 0.9336500763893127, 0.9141293168067932, 0.9019383788108826, 0.8658750653266907, 0.8390889167785645, 0.7980965971946716, 0.7774285674095154, 0.7243107557296753, 0.708568274974823, 0.6548851132392883, 0.624199390411377, 0.557198703289032, 0.5199450254440308, 0.5150566697120667, 0.4998982548713684, 0.4610191881656647, 0.4459093511104584, 0.4091155529022217, 0.45833247900009155, 0.4096895158290863, 0.4425930976867676, 0.392233282327652, 0.4533093571662903, 0.3697623610496521, 0.42165496945381165, 0.38426804542541504, 0.3429352343082428, 0.3671685755252838, 0.3627896010875702, 0.35487279295921326, 0.3403320014476776, 0.33384793996810913, 0.3047599792480469, 0.3069782257080078, 0.29794153571128845, 0.31477245688438416, 0.3164599537849426, 0.31826460361480713, 0.30154097080230713, 0.29522573947906494, 0.3108065128326416, 0.3157936632633209, 0.2552834749221802, 0.3108304738998413, 0.2759415805339813, 0.3143974542617798, 0.28983741998672485, 0.2571495771408081, 0.2744787037372589, 0.2414991706609726, 0.30104973912239075, 0.29786446690559387, 0.26435452699661255, 0.23612459003925323, 0.2525387406349182, 0.22904910147190094, 0.23338232934474945, 0.2606070637702942, 0.21644248068332672, 0.2016851305961609, 0.21058116853237152, 0.23999132215976715, 0.2583264410495758, 0.23648971319198608, 0.21209551393985748, 0.18237246572971344, 0.21029916405677795, 0.20183689892292023, 0.22021692991256714, 0.1741332709789276, 0.21488457918167114, 0.18619678914546967, 0.20664091408252716, 0.2067687064409256, 0.18918630480766296, 0.20199130475521088, 0.19466567039489746, 0.17910462617874146, 0.1754317581653595, 0.1930895894765854, 0.203194722533226, 0.18856504559516907, 0.1895274519920349, 0.18589620292186737, 0.19287508726119995, 0.17463546991348267, 0.16819564998149872, 0.18270210921764374, 0.15799763798713684, 0.1898498237133026, 0.17135700583457947, 0.1909008026123047, 0.1652487963438034, 0.16990910470485687, 0.15344543755054474, 0.15722963213920593, 0.16214098036289215, 0.1779394894838333, 0.162545308470726, 0.15743374824523926, 0.15972746908664703, 0.14548784494400024, 0.15103086829185486, 0.17541112005710602, 0.1785895973443985, 0.1641629934310913, 0.1421404927968979, 0.1590009480714798, 0.16076844930648804, 0.15565049648284912, 0.16551752388477325, 0.15915317833423615, 0.13736283779144287, 0.15027883648872375, 0.13621848821640015, 0.14419254660606384, 0.13886497914791107, 0.15060801804065704, 0.14577490091323853, 0.16081713140010834, 0.15987049043178558, 0.1377185732126236, 0.15959829092025757, 0.16041061282157898, 0.14416615664958954, 0.1835150569677353, 0.1538286805152893, 0.1579664796590805, 0.1408020406961441, 0.15679271519184113, 0.17857792973518372, 0.13925573229789734, 0.16313618421554565, 0.1645529866218567, 0.15340401232242584, 0.1364961564540863, 0.13138987123966217, 0.14633789658546448, 0.14694440364837646, 0.1536751687526703, 0.15752018988132477, 0.13549603521823883, 0.1353648453950882, 0.13210752606391907, 0.13893239200115204, 0.14858275651931763, 0.14652124047279358, 0.1436595618724823, 0.11947093904018402, 0.1481742113828659, 0.14882498979568481, 0.15294355154037476, 0.12179870158433914, 0.14778000116348267, 0.14190644025802612, 0.12219557166099548, 0.13621599972248077, 0.13512907922267914, 0.12611843645572662, 0.13284777104854584, 0.1303640455007553, 0.15495851635932922, 0.1262495219707489, 0.11493047326803207, 0.1528463214635849, 0.14153742790222168, 0.13577133417129517, 0.12233662605285645, 0.1565866470336914, 0.1545741856098175, 0.1269546002149582, 0.12786613404750824, 0.1383064240217209, 0.11416923999786377, 0.1263313591480255, 0.13416510820388794, 0.14886008203029633, 0.12108347564935684, 0.12222085893154144, 0.11847568303346634, 0.1274145096540451, 0.12626832723617554, 0.1231817901134491, 0.1067819818854332, 0.11504653841257095, 0.12188823521137238, 0.12308590114116669, 0.11474709212779999, 0.12258748710155487, 0.12580054998397827, 0.11386561393737793, 0.12702831625938416, 0.1383253037929535, 0.15981344878673553, 0.1244174912571907, 0.12912721931934357, 0.13439060747623444, 0.11924402415752411, 0.1285301148891449, 0.11199965327978134, 0.11837687343358994, 0.10541033744812012, 0.13448967039585114, 0.1232534721493721, 0.11096150428056717, 0.13145391643047333, 0.11346128582954407, 0.12075209617614746, 0.12910808622837067, 0.1253238320350647, 0.12113021314144135, 0.1265234798192978, 0.10771322250366211, 0.1049862653017044, 0.11746963113546371, 0.11727037280797958, 0.10999591648578644, 0.12138555198907852, 0.11755018681287766, 0.12073054909706116, 0.10669029504060745, 0.11374442279338837, 0.109899140894413, 0.10857325792312622, 0.12024234980344772, 0.10776439309120178, 0.1040596142411232, 0.1105920672416687, 0.10826977342367172, 0.10743594169616699, 0.12914742529392242, 0.1322224736213684, 0.10499059408903122, 0.10925234854221344, 0.1213512197136879, 0.11688944697380066, 0.10451807081699371, 0.09453374892473221, 0.12592685222625732, 0.0999126210808754, 0.09893281012773514, 0.09009454399347305, 0.1076749935746193, 0.09998837858438492, 0.09854161739349365, 0.1256391704082489, 0.11020901054143906, 0.10008129477500916, 0.09917833656072617, 0.10084014385938644, 0.1146649643778801, 0.11557424068450928, 0.09338647127151489, 0.10026118904352188, 0.11777530610561371, 0.11873012036085129, 0.09618250280618668, 0.11348133534193039, 0.09743736684322357, 0.0917036235332489, 0.08719544112682343, 0.09844788908958435, 0.09253743290901184, 0.09419632703065872, 0.10286790132522583, 0.1109192743897438, 0.1028502956032753, 0.11863170564174652, 0.09604087471961975, 0.09926342964172363, 0.08274487406015396, 0.12515117228031158, 0.09378909319639206, 0.08068490028381348, 0.09504946321249008, 0.08429569751024246, 0.09791454672813416, 0.1110655888915062, 0.07785331457853317, 0.09519219398498535, 0.0920066088438034, 0.09571032971143723, 0.09345182776451111, 0.09683655202388763, 0.09103401750326157, 0.10557436943054199, 0.10045294463634491, 0.08711036294698715, 0.0901465192437172, 0.0917457640171051, 0.08178836107254028, 0.08578769117593765, 0.07594294100999832, 0.08745867758989334, 0.10056491196155548], 'test_losses': [0.8568322658538818, 0.6535823345184326, 0.32199227809906006, 0.2850898504257202, 0.29483142495155334, 0.29034730792045593, 0.2956165671348572, 0.29395198822021484, 0.2811398506164551, 0.2780584990978241, 0.2798064351081848, 0.2775675356388092, 0.2874078154563904, 0.2966301739215851, 0.2771402895450592, 0.27311378717422485, 0.29240652918815613, 0.2786736488342285, 0.2905292809009552, 0.2853655517101288, 0.3196374475955963, 0.3199416995048523, 0.3063664138317108, 0.29512956738471985, 0.3213224411010742, 0.3116946816444397, 0.33226636052131653, 0.33870208263397217, 0.3314875662326813, 0.3349202275276184], 'train_r2_scores': [0.009757143980847954, 0.23906049560333822, 0.5679125910215137, 0.6749118316052849, 0.7220896253378872, 0.7678804412159494, 0.8016892667733134, 0.8258959270314881, 0.8420274779563955, 0.8575378727005594, 0.8630247184993817, 0.8730587768950324, 0.8783043612903343, 0.8809384885038127, 0.8839685208209686, 0.8886520671353167, 0.8920422804232566, 0.8946134961017228, 0.9020475463007173, 0.9048197479860642, 0.9102776470721448, 0.9116611055962751, 0.9165375066650092, 0.9210125192014986, 0.9271291062367712, 0.9289178282426716, 0.9330130070166494, 0.935964785572269, 0.9407470443687574, 0.9456326166335806], 'test_r2_scores': [0.009957557845417714, 0.2431479371668849, 0.6258445685721963, 0.6695525316374176, 0.6577338808996169, 0.6631306532373901, 0.6568190753688801, 0.6595870160976964, 0.6745862459173818, 0.6766715215893677, 0.6748827655496177, 0.6772178116479355, 0.6652553068582782, 0.6539175643655184, 0.6781387228783182, 0.6823322104593893, 0.6607614616682276, 0.6760997602034196, 0.6622093080173543, 0.6686156663602181, 0.6275629672517238, 0.6265944973505653, 0.6433612744051072, 0.6571935818193536, 0.6254344257008861, 0.6373178802433508, 0.6123564419689791, 0.6049553180381354, 0.6136953294594827, 0.6094841576837109], 'learning_rates': [0.001, 0.001, 0.001, 0.001, 0.001, 0.001, 0.001, 0.001, 0.001, 0.001, 0.001, 0.001, 0.001, 0.001, 0.001, 0.001, 0.001, 0.001, 0.001, 0.001, 0.001, 0.001, 0.001, 0.001, 0.001, 0.001, 0.001, 0.001, 0.001, 0.001, 0.001, 0.001, 0.001, 0.001, 0.001, 0.001, 0.001, 0.001, 0.001, 0.001, 0.001, 0.001, 0.001, 0.001, 0.001, 0.001, 0.001, 0.001, 0.001, 0.001, 0.001, 0.001, 0.001, 0.001, 0.001, 0.001, 0.001, 0.001, 0.001, 0.001, 0.001, 0.001, 0.001, 0.001, 0.001, 0.001, 0.001, 0.001, 0.001, 0.001, 0.001, 0.001, 0.001, 0.001, 0.001, 0.001, 0.001, 0.001, 0.001, 0.001, 0.001, 0.001, 0.001, 0.001, 0.001, 0.001, 0.001, 0.001, 0.001, 0.001, 0.001, 0.001, 0.001, 0.001, 0.001, 0.001, 0.001, 0.001, 0.001, 0.001, 0.001, 0.001, 0.001, 0.001, 0.001, 0.001, 0.001, 0.001, 0.001, 0.001, 0.001, 0.001, 0.001, 0.001, 0.001, 0.001, 0.001, 0.001, 0.001, 0.001, 0.001, 0.001, 0.001, 0.001, 0.001, 0.001, 0.001, 0.001, 0.001, 0.001, 0.001, 0.001, 0.001, 0.001, 0.001, 0.001, 0.001, 0.001, 0.001, 0.001, 0.001, 0.001, 0.001, 0.001, 0.001, 0.001, 0.001, 0.001, 0.001, 0.001, 0.001, 0.001, 0.001, 0.001, 0.001, 0.001, 0.001, 0.001, 0.001, 0.001, 0.001, 0.001, 0.001, 0.001, 0.001, 0.001, 0.001, 0.001, 0.001, 0.001, 0.001, 0.001, 0.001, 0.001, 0.001, 0.001, 0.001, 0.001, 0.001, 0.001, 0.001, 0.001, 0.001, 0.001, 0.001, 0.001, 0.001, 0.001, 0.001, 0.001, 0.001, 0.001, 0.001, 0.001, 0.001, 0.001, 0.001, 0.001, 0.001, 0.001, 0.001, 0.001, 0.001, 0.001, 0.001, 0.001, 0.001, 0.001, 0.001, 0.001, 0.001, 0.001, 0.001, 0.001, 0.001, 0.001, 0.001, 0.001, 0.001, 0.001, 0.001, 0.001, 0.001, 0.001, 0.001, 0.001, 0.001, 0.001, 0.001, 0.001, 0.001, 0.001, 0.001, 0.001, 0.001, 0.001, 0.001, 0.001, 0.001, 0.001, 0.001, 0.001, 0.001, 0.001, 0.001, 0.001, 0.001, 0.001, 0.001, 0.001, 0.001, 0.001, 0.001, 0.001, 0.001, 0.001, 0.001, 0.001, 0.001, 0.001, 0.001, 0.001, 0.001, 0.001, 0.001, 0.001, 0.001, 0.001, 0.001, 0.001, 0.001, 0.001, 0.001, 0.001, 0.001, 0.001, 0.001, 0.001, 0.001, 0.001, 0.001, 0.001, 0.001, 0.001, 0.001, 0.001, 0.001, 0.001, 0.001, 0.001, 0.001, 0.001, 0.001, 0.001, 0.001, 0.001, 0.001, 0.001, 0.001, 0.001], 'epochs': 300, 'final_metrics': {'train_mse': 0.052817779913667394, 'test_mse': 0.33646418218730173, 'train_mae': 0.15179763977898147, 'test_mae': 0.38586696832498824, 'train_r2': 0.9471822200863327, 'test_r2': 0.6079375587500557}}"
42,"MultKAN(
  (act_fun): ModuleList(
    (0-1): 2 x KANLayer(
      (base_fun): SiLU()
    )
  )
  (base_fun): SiLU()
  (symbolic_fun): ModuleList(
    (0-1): 2 x Symbolic_KANLayer()
  )
)",0.6378340357609003,0.49470979132797965,0.36216596423909997,0.43665159354724387,0.42466714829483526,0.47379644133117327,"[[-0.57868844 -0.5736455  -0.65197784 -0.6696341 ]
 [ 0.97813547  0.8209989   0.966358    0.90081394]
 [ 0.6565441   0.5792891   0.63734853  0.572158  ]
 [-0.45320836 -0.49654242 -0.5297096  -0.48487484]
 [-0.14614198 -0.1454916  -0.10206214  0.00842121]
 [-0.20130971 -0.16315255 -0.15146801 -0.03470564]
 [ 0.710105    0.71138775  0.81404436  0.781932  ]
 [-0.72414106 -0.67988896 -0.8172709  -0.8287443 ]
 [-0.6395821  -0.60555816 -0.71008736 -0.7232927 ]
 [ 1.2093741   1.1088428   1.2915492   1.2171987 ]
 [ 0.48971632  0.5635925   0.60430485  0.59806037]
 [-0.73710775 -0.69460016 -0.824332   -0.83556706]
 [ 0.38815734  0.45446178  0.4958534   0.5002844 ]
 [-0.46856415 -0.50321144 -0.5441593  -0.5131619 ]
 [-0.20664507 -0.1515097  -0.15357557 -0.03722143]
 [ 1.2776551   1.1516948   1.3517791   1.2576383 ]
 [-0.3762236  -0.4207717  -0.42986465 -0.26337326]
 [-0.7141675  -0.6734382  -0.79228055 -0.81349075]
 [-0.7078314  -0.68448657 -0.7948772  -0.81388617]
 [-0.3312773  -0.3273302  -0.3449972  -0.16548431]
 [ 0.11516926  0.15359683  0.1984135   0.24835652]
 [-0.4631765  -0.45042464 -0.5192796  -0.47312465]
 [-0.63991946 -0.6095629  -0.709967   -0.7349721 ]
 [-0.3832601  -0.4341624  -0.4453069  -0.29637235]
 [-0.44420293 -0.4797976  -0.5167916  -0.4677686 ]
 [ 0.17017268  0.25082004  0.2685035   0.3038385 ]
 [ 0.34734017  0.44291827  0.4594639   0.48379028]
 [ 1.0215235   0.97184044  1.1180713   1.0650735 ]
 [-0.72450894 -0.68182725 -0.8046007  -0.8217488 ]
 [-0.3946912  -0.3953829  -0.44633174 -0.34971857]
 [-0.33935764 -0.33883145 -0.361174   -0.1813711 ]
 [ 0.39842862  0.46643746  0.5067714   0.50981224]
 [ 0.7093103   0.60585314  0.686286    0.63668   ]
 [ 1.2014081   1.0934484   1.280372    1.2124735 ]
 [-0.31196702 -0.31136334 -0.30895784 -0.14060813]
 [ 0.03133595  0.03119126  0.09564501  0.16691   ]
 [-0.23430556 -0.21223387 -0.19524238 -0.06643111]
 [-0.6967038  -0.6796824  -0.7820626  -0.8088072 ]
 [-0.35634825 -0.35815936 -0.39623177 -0.24048668]
 [-0.7281013  -0.6851356  -0.81046534 -0.82561463]
 [ 0.51642567  0.5652073   0.6234753   0.6347072 ]
 [ 0.05480942  0.06898674  0.12578231  0.19024855]
 [ 0.21454057  0.16906601  0.2773654   0.39902085]
 [-0.4354839  -0.47908816 -0.5095991  -0.44978794]
 [ 0.49114227  0.5591952   0.6030366   0.6091083 ]
 [-0.6038884  -0.5780368  -0.67162806 -0.68982846]
 [-0.35301685 -0.35404584 -0.38951668 -0.22613949]
 [-0.7346077  -0.691624   -0.8256066  -0.83585924]
 [ 0.1669683   0.43869078  0.32331565  0.37873566]
 [-0.37581572 -0.40899023 -0.41063517 -0.22726905]
 [-0.6369777  -0.6078819  -0.70707655 -0.73228323]
 [ 0.57909024  0.6297864   0.6899861   0.6852623 ]
 [-0.18765247 -0.15379465 -0.1369951  -0.02334067]]",
123,Linear Regression,0.5739162261776228,0.6679677753120905,0.4260837738223771,0.28423325764846874,0.46278311167130687,0.3819188895442504,,
123,Ridge Regression,0.5738699645189488,0.6693915137288777,0.4261300354810512,0.2832258525031869,0.4623406549442237,0.3811598193876578,,
123,Lasso Regression,0.5432001324303202,0.676352212409872,0.45679986756967966,0.285417404510108,0.47432260867025283,0.3729474428915084,,
123,Elastic Net,0.5573533269520494,0.6862765896196601,0.4426466730479506,0.27568079846396265,0.4654246098168462,0.3669964390117604,,
123,Random Forest,0.9393185543939463,0.7105063570237984,0.06068144560605364,0.2549280871741738,0.15750080429156205,0.3519309707412003,,
123,Extra Trees,1.0,0.7079540464610458,2.216533621301735e-30,0.2540391690761206,1.0514752633019378e-15,0.359168175041401,,
123,Gradient Boosting,0.980893241993495,0.6395709532466091,0.01910675800650489,0.3032284259599921,0.10326681977701518,0.40129953918901906,,
123,Support Vector Regression,0.7747064581384449,0.6720353960829752,0.22529354186155515,0.2918160161673926,0.29731922610072475,0.35925430460582025,,
123,K-Nearest Neighbors,0.696966404559394,0.7064177865418655,0.30303359544060604,0.2452315355489781,0.3810526478593335,0.36982585749382935,,
123,Decision Tree,1.0,0.2905880009311287,5.556781478887763e-34,0.5791871114529517,5.00510379953964e-18,0.505198709303309,,
123,TabNet,0.7418073873712085,0.7304650536167653,0.25819261262879145,0.22948046027699767,0.3525578836415466,0.3363970545400401,,
123,"BaseNeuralNetwork(
  (hidden_1): Linear(in_features=7, out_features=10, bias=True)
  (hidden_2): Linear(in_features=10, out_features=100, bias=True)
  (hidden_3): Linear(in_features=100, out_features=10, bias=True)
  (predict): Linear(in_features=10, out_features=4, bias=True)
)",0.9445909726611907,0.501340642209644,0.05540902733880923,0.4162111996030326,0.17284902815471032,0.45595688144218693,"[[-8.08300495e-01 -7.60203779e-01 -7.79826164e-01 -6.80135965e-01]
 [-7.85684407e-01 -7.87703156e-01 -8.31117392e-01 -1.11541665e+00]
 [-7.90729523e-01 -3.66373539e-01 -4.17830914e-01  6.32852972e-01]
 [ 2.10915995e+00  2.22739124e+00  2.20120025e+00  1.91258430e+00]
 [-1.52092528e+00 -8.24652314e-01 -1.06453145e+00 -3.92722547e-01]
 [ 1.06518030e-01  5.51663518e-01  3.48405808e-01  2.95239985e-01]
 [-6.12848461e-01 -6.78408325e-01 -6.48078084e-01 -6.10841751e-01]
 [ 2.56683731e+00  2.66962218e+00  2.65438342e+00  2.30796909e+00]
 [-3.64280790e-01 -4.14028823e-01 -3.51488590e-01 -3.30904722e-02]
 [-3.70288879e-01 -5.28313160e-01 -4.38784003e-01 -2.93789685e-01]
 [-7.08854139e-01 -7.52683401e-01 -7.64667690e-01 -9.52053547e-01]
 [ 1.62239850e-01  4.30479437e-01  3.05707544e-01  1.62624836e-01]
 [ 1.63484097e+00  1.76907980e+00  1.73153841e+00  1.50282264e+00]
 [-8.68124068e-02 -3.46917689e-01 -1.81050584e-01  1.27602488e-01]
 [-3.00275683e-02 -2.84006625e-01 -1.34188831e-01 -4.81248200e-02]
 [-7.00193167e-01 -5.68674088e-01 -6.52782500e-01 -8.57037425e-01]
 [-5.29583693e-02  5.68811297e-02  2.67905891e-02  9.77134407e-02]
 [-5.28569460e-01 -3.77046883e-01 -4.81080949e-01 -5.64794302e-01]
 [-5.56460977e-01 -4.26999182e-01 -4.73073542e-01 -3.11142445e-01]
 [-5.06233990e-01 -2.99736112e-01 -3.88512939e-01 -3.46839845e-01]
 [ 1.47175980e+00  1.61150253e+00  1.57005870e+00  1.36193800e+00]
 [ 2.83694029e-01  2.76549786e-01  3.94176930e-01  1.27025270e+00]
 [-5.84960282e-01 -5.58195114e-01 -5.98336577e-01 -7.51539290e-01]
 [ 7.36469030e-02  4.05398697e-01  3.47112566e-01  1.10596371e+00]
 [-6.77510977e-01 -5.71926892e-01 -6.45183384e-01 -8.54147553e-01]
 [-7.40258813e-01 -8.27839851e-01 -7.76952744e-01 -6.23830438e-01]
 [-3.37207019e-01 -1.36413634e-01 -2.21145675e-01 -2.00818405e-01]
 [ 4.42599654e-01  5.90972185e-01  5.60909510e-01  6.76573932e-01]
 [-4.98421699e-01 -4.66924071e-01 -4.64193881e-01 -3.44548792e-01]
 [-1.80105120e-01 -3.33604038e-01 -3.06467682e-01 -6.56169176e-01]
 [-1.03313851e+00 -7.75668919e-01 -9.32630062e-01 -1.13465834e+00]
 [-8.68538797e-01 -7.98379362e-01 -8.70071709e-01 -1.15055203e+00]
 [-1.01456702e-01 -2.10135639e-01 -1.77592650e-01 -2.97930717e-01]
 [-6.04571104e-01 -7.05070496e-01 -6.57406390e-01 -5.80911577e-01]
 [ 1.85533166e-02 -3.80435288e-02  2.94109285e-02  1.64602995e-01]
 [-4.01946425e-01 -6.46113276e-01 -5.40889859e-01 -5.07027030e-01]
 [-1.21536255e-01 -5.37931085e-01 -3.14666271e-01 -1.43636435e-01]
 [-9.08518195e-01 -7.74435222e-01 -8.67856383e-01 -1.06673574e+00]
 [ 1.77894950e-01  2.01565236e-01  2.54447013e-01  6.89007342e-01]
 [-5.47170639e-04  1.77473426e-01  1.16538674e-01  1.79076254e-01]
 [-3.32417130e-01 -3.94913703e-01 -4.15391237e-01 -7.22390175e-01]
 [ 5.82473576e-01  7.48164773e-01  6.07416391e-01  9.33839679e-02]
 [-4.81511652e-02 -7.37732798e-02  2.65125632e-02  6.94379032e-01]
 [-8.75609994e-01 -8.73471498e-01 -9.08718586e-01 -1.10627890e+00]
 [ 2.86188841e-01  4.65943307e-01  3.96128982e-01  3.37729812e-01]
 [ 3.07954609e-01 -2.57029593e-01  6.81731105e-03 -1.47402287e-03]
 [ 2.01533437e-02 -3.12913895e-01 -1.41304910e-01 -1.84391692e-01]
 [ 1.13139439e+00  1.28262413e+00  1.23303545e+00  1.06789827e+00]
 [ 2.57152796e+00  2.67415476e+00  2.65902805e+00  2.31202126e+00]
 [ 2.40006685e+00  2.50848031e+00  2.48925066e+00  2.16389704e+00]
 [-9.02256906e-01 -8.23068142e-01 -9.10290122e-01 -1.23723757e+00]
 [-9.58486319e-01 -8.98522019e-01 -9.59569931e-01 -1.15031052e+00]
 [-3.89161021e-01 -4.42328930e-01 -4.22132671e-01 -4.50951934e-01]]","{'train_losses': [1.0555524826049805, 0.9882097128898867, 0.9218257881941334, 0.8465801886012477, 0.7979505321671886, 0.7418930976381225, 0.6829046587790212, 0.6180535142099665, 0.566035779974153, 0.5247242746333922, 0.4870864977279017, 0.4547306449422913, 0.4493339893317992, 0.4144639294113844, 0.39887448580515, 0.38542578129037736, 0.37372657704737877, 0.36872060777198884, 0.36633115706424557, 0.3582831625376017, 0.35058104234837717, 0.3489966956718314, 0.3409989322986334, 0.33273144895511286, 0.35761537306731744, 0.35161989831155344, 0.32032357468720407, 0.3193956933194591, 0.31447121573071324, 0.31774487226240095, 0.2997447499224255, 0.29321794043625554, 0.30175612061735124, 0.29695228943901675, 0.28498634347511875, 0.3013117604798848, 0.276655983059637, 0.2703943477282601, 0.26253223494296113, 0.27430939614292116, 0.2641584062047543, 0.2537940009947746, 0.25081431042523156, 0.24360859964884096, 0.24115065893819254, 0.2439966693881058, 0.23304941888237674, 0.24601018242537975, 0.2322812609134182, 0.2253750026105873, 0.21800709119246853, 0.22323000370975463, 0.22451745493397599, 0.21161379855907253, 0.2092130488806194, 0.20979951481304823, 0.20950896800645896, 0.2014721131493007, 0.1985604999917409, 0.19458244025947585, 0.1948015340153248, 0.1919528126956955, 0.2001254450409643, 0.18641569908528077, 0.18387786803706999, 0.19379218481481075, 0.19770018302745396, 0.17746357259250456, 0.17696210988346608, 0.17290390228792543, 0.1740636695176363, 0.17187660310657754, 0.1745849261961637, 0.17892497711844982, 0.17270190190644033, 0.16862119253604643, 0.16124038175950128, 0.16370579269864866, 0.15619057020352733, 0.15579597754103522, 0.15208437603207364, 0.15320117188797844, 0.1563413480837499, 0.15748753625478956, 0.14635022002602777, 0.1483233137536914, 0.14358408815197407, 0.14458380218955777, 0.14331927829452099, 0.13760589913374954, 0.13670781534165144, 0.13711824072825332, 0.14842856065520355, 0.1380034822429861, 0.1394477363735918, 0.1397748165012848, 0.1323055796205036, 0.13409630025947286, 0.13405037172619375, 0.1367846824709446, 0.12937598336007325, 0.12396509735093962, 0.12432673867912061, 0.12467242362758806, 0.126081558034545, 0.12401232766287942, 0.11850481426283237, 0.13081587760919525, 0.11537835581768904, 0.1169568554257914, 0.11454838490293871, 0.11328771720910745, 0.11321670302159843, 0.11631840506508466, 0.11004652692786147, 0.10721416434934063, 0.1074421280213902, 0.11317386967881073, 0.11161361523573438, 0.10444999271402916, 0.10680307838464936, 0.10327446322527624, 0.10423436936651988, 0.12263599269452595, 0.10591084618241556, 0.1004241650263148, 0.09787973268858847, 0.09962014924554576, 0.10256553900938842, 0.09532939068852894, 0.09366431934458594, 0.09754476131450746, 0.09087890340015292, 0.08896308782840928, 0.09190148779100948, 0.08862713999265144, 0.09252459913372033, 0.08974927092992491, 0.08541762876895166, 0.09200294123541924, 0.08900989593577481, 0.0837815501652057, 0.08644949931711439, 0.085702117817897, 0.08019711553389507, 0.08917325117715424, 0.08322956964313503, 0.08384463593604104, 0.07722597521158957, 0.07627680046003192, 0.0762021865605587, 0.07726665731940058, 0.07616389696035654, 0.07474507553683173, 0.07289694904560043, 0.07400434836745262, 0.07415752425309151, 0.07553426693043401, 0.07131164905525023, 0.07477469494446151, 0.07244172587149567, 0.06946951616555452, 0.06958096252093392, 0.07013651694081002, 0.07152588916341623, 0.07355747978773809, 0.07679286388860594, 0.07168227404115661, 0.06886948912494606, 0.06559875308566036, 0.06349947350099683, 0.06750594430993642, 0.06461280000005518, 0.06809370529146926, 0.06502416117056724, 0.06547322501278212, 0.06602880151401605, 0.06592018863246325, 0.06413230879773055, 0.064336464199568, 0.06352634478600756, 0.06338742229666922, 0.06303777966287828, 0.0661577828108303, 0.06195074148596295, 0.061746987123643196, 0.05916032177065649, 0.061025781684645244, 0.060929929942733815, 0.06220430687009808, 0.06455674273292383, 0.06283411206377129, 0.06555954417994907, 0.06087862045293854, 0.06145451383124436, 0.05892948041700067, 0.06221148259036483, 0.056711201931560234, 0.05833686810107001, 0.05733206723966906, 0.06154491813973554, 0.05531887665030456, 0.055116971842043345, 0.05449392517367678, 0.053263071323594736, 0.05496059900390044, 0.05137678683404961, 0.051917583816835, 0.052420909005788066, 0.05456773382461359, 0.05317071608958706, 0.053190264610513564, 0.05177735119697548, 0.05009691762707887, 0.05153170684652944, 0.05131035901966595, 0.05888925661002436, 0.057602136215615656, 0.05622970086011675, 0.050643904119609826, 0.05176948491604098, 0.0504526169219565, 0.04741895505257191, 0.04891583723046126, 0.05027549374367921, 0.049142327430027145, 0.04935480858529768, 0.050936597294264266, 0.048266668143051285, 0.05084667689797859, 0.0478094664943074, 0.04879932754462765, 0.04762488040291975, 0.046598251668676254, 0.046325786159403866, 0.04547338639836638, 0.04740310077285094, 0.04798476863652468, 0.045201981229887854, 0.04483021273007316, 0.04791443671790823, 0.04572500775177633, 0.04801178984944859, 0.045289270572304245, 0.04398973194521762, 0.04383776186695022, 0.04483061097562313, 0.0458586250672177, 0.04468593394924556, 0.04343998310486636, 0.046697964786642024, 0.045798765916016795, 0.04814313006617369, 0.04246358834807911, 0.04161586406670751, 0.04104808560242095, 0.04189571379233272, 0.04050268579815184, 0.03972979786715681, 0.04106060350163569, 0.04023558159749354, 0.041382679760816596, 0.04206672753958452, 0.04067656035805421, 0.041715236110312325, 0.046255329218242436, 0.044458807310870575, 0.04211016295237407, 0.04578234802090352, 0.04299690577411844, 0.04924812824315121, 0.04648507997814205, 0.04349272092804313, 0.03914944998799793, 0.038781038650702086, 0.04151653864931676, 0.03980068772310211, 0.038368281442672014, 0.04079522317155234, 0.040257355603840084, 0.04089339948709934, 0.0387433847682851, 0.03884813853449399, 0.03815553700476284, 0.037535421700487216, 0.0364526066884038, 0.03905743007518111, 0.0367227285394385, 0.037410091691380064, 0.040763467505213716, 0.03699620913023189, 0.036744814170824903, 0.038248506630019795, 0.039500913530167554, 0.03946545664521475, 0.040000145353617206, 0.03880376385284528, 0.041937175912842635, 0.04516824450524103, 0.05847790116263974], 'test_losses': [0.8788231015205383, 0.27583783864974976, 0.22203288972377777, 0.23043954372406006, 0.24900227785110474, 0.2732686400413513, 0.28294801712036133, 0.2823628783226013, 0.2676660716533661, 0.2762104868888855, 0.29095232486724854, 0.29225361347198486, 0.30194103717803955, 0.29844772815704346, 0.31066980957984924, 0.32279273867607117, 0.3358019292354584, 0.34832099080085754, 0.3567088544368744, 0.37082409858703613, 0.3745606541633606, 0.369570255279541, 0.3836708664894104, 0.38385218381881714, 0.39334362745285034, 0.40709543228149414, 0.41818153858184814, 0.40238916873931885, 0.4334201514720917, 0.41540074348449707], 'train_r2_scores': [-0.007186194353653447, 0.5347039551418823, 0.6562550283408407, 0.7058326872256677, 0.7482309698989389, 0.788400528842701, 0.8106380316361451, 0.827970203816106, 0.8515975495876882, 0.8666377349162819, 0.880054674057521, 0.8909307141250526, 0.9014615463872907, 0.9066913818203578, 0.917693319029042, 0.9271430662277286, 0.9279699921684273, 0.9377682124244828, 0.9402356684155561, 0.9437642832046179, 0.9471231991359003, 0.9512852165795864, 0.9519982958733912, 0.9528009872847985, 0.9578752477800561, 0.9571663902836771, 0.9582204708000377, 0.9590025972423165, 0.9615832573156333, 0.9636152154391329], 'test_r2_scores': [-0.034916614318960204, 0.6687729170927608, 0.737753416109558, 0.7372862318006428, 0.7209553301024216, 0.6959922441092242, 0.6823909528026324, 0.6790021313296399, 0.69937633626532, 0.687656484500623, 0.6643602732858278, 0.6613245891634416, 0.6445365008732382, 0.6469852322365967, 0.632389271811627, 0.6151125966016672, 0.599028721527342, 0.5861989678724253, 0.5770546447551838, 0.560076989347156, 0.5572905596355623, 0.5655193906536025, 0.5445712261608128, 0.5515158545475468, 0.5373523091451269, 0.527909400092766, 0.5106120996431448, 0.5245142494194786, 0.4885588065290708, 0.5147910449762141], 'epochs': 300, 'final_metrics': {'train_mse': 0.05540902733880923, 'test_mse': 0.4162111996030326, 'train_mae': 0.17284902815471032, 'test_mae': 0.45595688144218693, 'train_r2': 0.9445909726611907, 'test_r2': 0.501340642209644}}"
123,"ExplainableDBPsModel(
  (feature_extractor): PhysicsInformedFeatureExtractor(
    (group_extractors): ModuleDict(
      (environmental): Sequential(
        (0): Linear(in_features=2, out_features=32, bias=True)
        (1): ReLU()
        (2): Dropout(p=0.1, inplace=False)
      )
      (organic_matter): Sequential(
        (0): Linear(in_features=1, out_features=16, bias=True)
        (1): ReLU()
        (2): Dropout(p=0.1, inplace=False)
      )
      (disinfectant): Sequential(
        (0): Linear(in_features=1, out_features=16, bias=True)
        (1): ReLU()
        (2): Dropout(p=0.1, inplace=False)
      )
      (nitrogen_species): Sequential(
        (0): Linear(in_features=2, out_features=32, bias=True)
        (1): ReLU()
        (2): Dropout(p=0.1, inplace=False)
      )
      (halides): Sequential(
        (0): Linear(in_features=1, out_features=16, bias=True)
        (1): ReLU()
        (2): Dropout(p=0.1, inplace=False)
      )
    )
    (chemistry_encoder): Sequential(
      (0): Linear(in_features=3, out_features=16, bias=True)
      (1): ReLU()
      (2): Dropout(p=0.1, inplace=False)
    )
    (interaction_extractor): Sequential(
      (0): Linear(in_features=128, out_features=64, bias=True)
      (1): ReLU()
      (2): Dropout(p=0.2, inplace=False)
      (3): Linear(in_features=64, out_features=32, bias=True)
    )
  )
  (attention): AttentionMechanism(
    (attention): Sequential(
      (0): Linear(in_features=128, out_features=64, bias=True)
      (1): ReLU()
      (2): Linear(in_features=64, out_features=5, bias=True)
      (3): Softmax(dim=1)
    )
  )
  (predictor): DBPsSpecificPredictor(
    (predictors): ModuleList(
      (0-3): 4 x Sequential(
        (0): Linear(in_features=160, out_features=128, bias=True)
        (1): ReLU()
        (2): Dropout(p=0.2, inplace=False)
        (3): Linear(in_features=128, out_features=64, bias=True)
        (4): ReLU()
        (5): Linear(in_features=64, out_features=1, bias=True)
      )
    )
  )
)",0.947631983835088,0.594000719945605,0.05236801616491203,0.34214716384611576,0.1552347605976547,0.3929306094155011,"[[-0.782689   -0.72889113 -0.7379177  -0.82458246]
 [-0.94736356 -0.8756639  -0.92182773 -1.1878324 ]
 [-0.5177611  -0.66160196 -0.49471065 -0.2849853 ]
 [ 1.0820452   0.6118735   0.879898    1.4075074 ]
 [-0.94895995 -1.01691    -0.8496417  -1.0546874 ]
 [-0.82869446 -0.65439296 -0.7393041  -1.005337  ]
 [-0.7539935  -0.7225835  -0.7030448  -0.7013785 ]
 [ 2.4185832   1.8408157   2.2136576   1.7713526 ]
 [-0.5826855  -0.6324379  -0.57784706 -0.36055285]
 [-0.28736982 -0.51219183 -0.40027717 -0.19040191]
 [-0.74701566 -0.74023306 -0.74146426 -0.8516257 ]
 [ 0.45983016  1.0284734   0.8996355   0.39676368]
 [ 2.192434    1.5327083   1.9399303   1.6166232 ]
 [-0.49843845 -0.55402344 -0.4930535  -0.13103849]
 [-0.46449095 -0.48955142 -0.46822813  0.06282763]
 [-0.7736691  -0.74387705 -0.8003958  -0.96698415]
 [ 0.28394404  0.46095288  0.41632533  0.08024916]
 [ 0.10588502  0.11663769  0.22629891 -0.45281637]
 [-0.41495246 -0.34931296 -0.28548044 -0.2935875 ]
 [ 0.15489766  0.5730586   0.47559607 -0.19229168]
 [ 1.5383545   1.9818325   1.734126    1.4589078 ]
 [ 0.44974232  0.09240543  0.26567978  0.48931503]
 [-0.5826751  -0.6164779  -0.59674567 -0.6716881 ]
 [-0.01634019 -0.16790168 -0.07262924  0.17126006]
 [-0.7728375  -0.7442985  -0.79687434 -0.98660445]
 [-0.57590705 -0.5628445  -0.5850504  -0.6246216 ]
 [ 0.343258    0.61062396  0.6303132   0.1912575 ]
 [ 0.81471896  1.4857482   1.0285532   2.3640006 ]
 [-0.69308996 -0.6755265  -0.6578045  -0.54794526]
 [-0.4407683  -0.5401719  -0.45382163 -0.56527686]
 [-0.93634295 -0.8943611  -0.94417435 -0.99345547]
 [-0.898692   -0.8089152  -0.8497051  -1.1619366 ]
 [-0.09257364 -0.37392527 -0.25831825  0.1789687 ]
 [-0.6360055  -0.6567645  -0.6287375  -0.5415067 ]
 [-0.5977888  -0.5683135  -0.55374247 -0.5842539 ]
 [-0.1313325  -0.3226899  -0.1813621  -0.39246562]
 [-0.51196975 -0.5940848  -0.52202535 -0.21139911]
 [-0.86196935 -0.8127178  -0.8583331  -1.1026915 ]
 [-0.1752631  -0.23957291 -0.21752478 -0.010635  ]
 [ 1.2252808   1.5694237   1.3882614   1.1832227 ]
 [-0.5077387  -0.5280291  -0.4863748  -0.6032262 ]
 [ 0.6718292   0.7489961   0.703157    0.13296933]
 [-0.46213987 -0.54084367 -0.51611954 -0.243676  ]
 [-0.7719275  -0.77162296 -0.7801148  -1.0338873 ]
 [ 0.3232513   0.54230523  0.5208388   0.07196169]
 [-0.3042056  -0.40134668 -0.33465433 -0.14560848]
 [-0.4552639  -0.49851936 -0.46048853  0.19409165]
 [ 1.5144304   1.924881    1.6802722   1.2903173 ]
 [ 0.60755455  0.8632747   0.8613394   0.98429036]
 [ 1.436403    1.9246907   1.7051696   1.2968045 ]
 [-0.9431392  -0.8761061  -0.9392643  -1.2759703 ]
 [-0.870648   -0.81333345 -0.8515882  -1.1514707 ]
 [-0.66369396 -0.674622   -0.6758077  -0.82634234]]","{'train_losses': [1.0090711116790771, 0.9968274831771851, 0.9825657606124878, 0.9703643918037415, 0.9601055383682251, 0.9413154125213623, 0.9208077192306519, 0.9004826545715332, 0.8714526295661926, 0.8428077697753906, 0.8074482083320618, 0.774925172328949, 0.7324398159980774, 0.6903423070907593, 0.6485368609428406, 0.5953503847122192, 0.5688742399215698, 0.5163726210594177, 0.4815104305744171, 0.45728155970573425, 0.4532134234905243, 0.46248719096183777, 0.4205840229988098, 0.4281822144985199, 0.4449627697467804, 0.4701651334762573, 0.44445472955703735, 0.39031311869621277, 0.40702128410339355, 0.389431893825531, 0.3852367103099823, 0.4027501046657562, 0.39124545454978943, 0.3828990161418915, 0.41510123014450073, 0.37797480821609497, 0.3894873559474945, 0.38095811009407043, 0.3623941242694855, 0.3742519021034241, 0.3376740515232086, 0.34977465867996216, 0.3728441894054413, 0.35570335388183594, 0.3357107937335968, 0.3390023112297058, 0.3282177746295929, 0.33629778027534485, 0.3368091881275177, 0.33583495020866394, 0.34008777141571045, 0.3253014385700226, 0.30553215742111206, 0.321180135011673, 0.33086535334587097, 0.3156347870826721, 0.316902220249176, 0.3199304938316345, 0.27983760833740234, 0.2892686426639557, 0.29079797863960266, 0.2688519358634949, 0.2719919979572296, 0.2864338457584381, 0.3079524636268616, 0.2660697400569916, 0.2535533905029297, 0.2901225984096527, 0.2570209801197052, 0.23538270592689514, 0.27432528138160706, 0.3034517168998718, 0.23908434808254242, 0.24940907955169678, 0.2520371973514557, 0.2541952133178711, 0.23341770470142365, 0.25173261761665344, 0.25857657194137573, 0.25588148832321167, 0.24699006974697113, 0.19907517731189728, 0.25524967908859253, 0.24683929979801178, 0.21666023135185242, 0.203700989484787, 0.1974780559539795, 0.19703379273414612, 0.22728082537651062, 0.20859308540821075, 0.22904643416404724, 0.19014288485050201, 0.21003387868404388, 0.22362859547138214, 0.221880242228508, 0.21089917421340942, 0.21006403863430023, 0.19114723801612854, 0.195236936211586, 0.2069825381040573, 0.17869359254837036, 0.21199460327625275, 0.19797123968601227, 0.19453378021717072, 0.17955021560192108, 0.21673817932605743, 0.20402385294437408, 0.19910331070423126, 0.1725555658340454, 0.17085358500480652, 0.2241751253604889, 0.20365002751350403, 0.18934565782546997, 0.18263325095176697, 0.19907207787036896, 0.17623066902160645, 0.17483818531036377, 0.20337581634521484, 0.1975346952676773, 0.187364399433136, 0.1774391084909439, 0.20069481432437897, 0.17122364044189453, 0.15193922817707062, 0.15341350436210632, 0.15894147753715515, 0.16526927053928375, 0.18149402737617493, 0.1908327043056488, 0.19357050955295563, 0.167799174785614, 0.1836436688899994, 0.17226921021938324, 0.17104576528072357, 0.1525450050830841, 0.15001130104064941, 0.1613805890083313, 0.17474277317523956, 0.1966256946325302, 0.16297835111618042, 0.16714759171009064, 0.17754006385803223, 0.1612200140953064, 0.151553213596344, 0.13751810789108276, 0.1572401523590088, 0.1413906365633011, 0.15362565219402313, 0.15436308085918427, 0.15690425038337708, 0.155426025390625, 0.18319177627563477, 0.1456315666437149, 0.16929803788661957, 0.15853744745254517, 0.16882668435573578, 0.14892414212226868, 0.16427430510520935, 0.16285884380340576, 0.14403857290744781, 0.16504894196987152, 0.16045577824115753, 0.1549679934978485, 0.15775704383850098, 0.13436710834503174, 0.16086122393608093, 0.13545355200767517, 0.1340840458869934, 0.15709778666496277, 0.14839832484722137, 0.14734940230846405, 0.1318398267030716, 0.148323193192482, 0.142782062292099, 0.14553101360797882, 0.12970775365829468, 0.17507050931453705, 0.1418284922838211, 0.1491263508796692, 0.14569997787475586, 0.13196204602718353, 0.14638392627239227, 0.1314113289117813, 0.14616456627845764, 0.13587932288646698, 0.1478659063577652, 0.142770454287529, 0.1286044716835022, 0.13456514477729797, 0.12319593131542206, 0.13399344682693481, 0.13361771404743195, 0.14321166276931763, 0.12979689240455627, 0.13419955968856812, 0.13112197816371918, 0.15300559997558594, 0.11724426597356796, 0.1387408971786499, 0.14216923713684082, 0.11824355274438858, 0.12184970080852509, 0.1303565800189972, 0.11214441806077957, 0.13630886375904083, 0.12196596711874008, 0.13045629858970642, 0.1213495209813118, 0.12240973114967346, 0.12308623641729355, 0.12392957508563995, 0.1433534175157547, 0.11594200879335403, 0.10821202397346497, 0.1391119360923767, 0.10823392122983932, 0.11818993836641312, 0.11789251863956451, 0.16193097829818726, 0.11654512584209442, 0.1291595846414566, 0.13207902014255524, 0.14612889289855957, 0.13440723717212677, 0.1444714516401291, 0.126255601644516, 0.11641781777143478, 0.12113595008850098, 0.11591414362192154, 0.12053759396076202, 0.12060446292161942, 0.11386554688215256, 0.12271300703287125, 0.11622270196676254, 0.12060320377349854, 0.12353906035423279, 0.11477652192115784, 0.12122372537851334, 0.09410972148180008, 0.1302800178527832, 0.1276104599237442, 0.11263465136289597, 0.09776672720909119, 0.11620452255010605, 0.12013525515794754, 0.11834606528282166, 0.11547275632619858, 0.09553634375333786, 0.08790769428014755, 0.09490782767534256, 0.09300894290208817, 0.10077667981386185, 0.09546419233083725, 0.11756759881973267, 0.10799584537744522, 0.10008184611797333, 0.10100913047790527, 0.10148412734270096, 0.10014611482620239, 0.09095314145088196, 0.09876846522092819, 0.10632410645484924, 0.0919981375336647, 0.11735622584819794, 0.10105809569358826, 0.10491161048412323, 0.09965664148330688, 0.11805662512779236, 0.09271122515201569, 0.11802060157060623, 0.10565625876188278, 0.09869252145290375, 0.10439003258943558, 0.11862193048000336, 0.08825938403606415, 0.0872974544763565, 0.10868550837039948, 0.10055238008499146, 0.10176105052232742, 0.10127811133861542, 0.10701259970664978, 0.0850915014743805, 0.10300295799970627, 0.11079539358615875, 0.09147275984287262, 0.08907794207334518, 0.11286918818950653, 0.13256444036960602, 0.10509369522333145, 0.08144045621156693, 0.09254790097475052, 0.08726748824119568, 0.07167591154575348, 0.08772167563438416, 0.11177321523427963, 0.11038056761026382, 0.08766289055347443, 0.08128811419010162, 0.09707050025463104, 0.08172977715730667], 'test_losses': [0.8725456595420837, 0.6091123819351196, 0.23172642290592194, 0.24597302079200745, 0.226530522108078, 0.21727679669857025, 0.23631970584392548, 0.2755334675312042, 0.2810680568218231, 0.2918774485588074, 0.26294103264808655, 0.3234412670135498, 0.3130125403404236, 0.3001597821712494, 0.29846838116645813, 0.2945561707019806, 0.3646007180213928, 0.3052055239677429, 0.30867141485214233, 0.34490931034088135, 0.3123350441455841, 0.3100554943084717, 0.3126879036426544, 0.3143584728240967, 0.3124823272228241, 0.32870152592658997, 0.345218300819397, 0.3375489413738251, 0.33548110723495483, 0.37186673283576965], 'train_r2_scores': [0.003166270466663873, 0.2386294969800516, 0.5926535439855549, 0.6336863801028467, 0.6682347246968163, 0.7001313760685095, 0.7336151540547743, 0.7741613113008432, 0.8034049802402874, 0.8213347007051647, 0.8359362709781237, 0.846628937874305, 0.8527085704089821, 0.8623588626083392, 0.8695415883028773, 0.875863525383264, 0.8854271512677407, 0.8915614079650982, 0.8983388079146296, 0.901409266915738, 0.9080626812702276, 0.911466899977678, 0.9142341499945705, 0.9150246142307289, 0.9213487936928462, 0.9309491989412177, 0.9324834119231509, 0.9345025909999006, 0.9405686952081245, 0.9463124796735134], 'test_r2_scores': [-0.01878609801096809, 0.2853397395455813, 0.7138254673183291, 0.7220966903292745, 0.7389799612322476, 0.7460474076359547, 0.7290567297183169, 0.688806436973648, 0.6807705234546787, 0.6695025268204744, 0.6988993902560944, 0.6288869260463914, 0.6476011383594342, 0.6604827754402509, 0.6637145298046683, 0.6657625424234147, 0.5886549927527074, 0.6500608076275259, 0.6490238366154112, 0.6059682146799289, 0.6383009494949049, 0.633709891108661, 0.6393591001732107, 0.6326329780087825, 0.6224889811715413, 0.6002867246996322, 0.5841143628670367, 0.5817191196898839, 0.5886428116315501, 0.5411628524264948], 'learning_rates': [0.001, 0.001, 0.001, 0.001, 0.001, 0.001, 0.001, 0.001, 0.001, 0.001, 0.001, 0.001, 0.001, 0.001, 0.001, 0.001, 0.001, 0.001, 0.001, 0.001, 0.001, 0.001, 0.001, 0.001, 0.001, 0.001, 0.001, 0.001, 0.001, 0.001, 0.001, 0.001, 0.001, 0.001, 0.001, 0.001, 0.001, 0.001, 0.001, 0.001, 0.001, 0.001, 0.001, 0.001, 0.001, 0.001, 0.001, 0.001, 0.001, 0.001, 0.001, 0.001, 0.001, 0.001, 0.001, 0.001, 0.001, 0.001, 0.001, 0.001, 0.001, 0.001, 0.001, 0.001, 0.001, 0.001, 0.001, 0.001, 0.001, 0.001, 0.001, 0.001, 0.001, 0.001, 0.001, 0.001, 0.001, 0.001, 0.001, 0.001, 0.001, 0.001, 0.001, 0.001, 0.001, 0.001, 0.001, 0.001, 0.001, 0.001, 0.001, 0.001, 0.001, 0.001, 0.001, 0.001, 0.001, 0.001, 0.001, 0.001, 0.001, 0.001, 0.001, 0.001, 0.001, 0.001, 0.001, 0.001, 0.001, 0.001, 0.001, 0.001, 0.001, 0.001, 0.001, 0.001, 0.001, 0.001, 0.001, 0.001, 0.001, 0.001, 0.001, 0.001, 0.001, 0.001, 0.001, 0.001, 0.001, 0.001, 0.001, 0.001, 0.001, 0.001, 0.001, 0.001, 0.001, 0.001, 0.001, 0.001, 0.001, 0.001, 0.001, 0.001, 0.001, 0.001, 0.001, 0.001, 0.001, 0.001, 0.001, 0.001, 0.001, 0.001, 0.001, 0.001, 0.001, 0.001, 0.001, 0.001, 0.001, 0.001, 0.001, 0.001, 0.001, 0.001, 0.001, 0.001, 0.001, 0.001, 0.001, 0.001, 0.001, 0.001, 0.001, 0.001, 0.001, 0.001, 0.001, 0.001, 0.001, 0.001, 0.001, 0.001, 0.001, 0.001, 0.001, 0.001, 0.001, 0.001, 0.001, 0.001, 0.001, 0.001, 0.001, 0.001, 0.001, 0.001, 0.001, 0.001, 0.001, 0.001, 0.001, 0.001, 0.001, 0.001, 0.001, 0.001, 0.001, 0.001, 0.001, 0.001, 0.001, 0.001, 0.001, 0.001, 0.001, 0.001, 0.001, 0.001, 0.001, 0.001, 0.001, 0.001, 0.001, 0.001, 0.001, 0.001, 0.001, 0.001, 0.001, 0.001, 0.001, 0.001, 0.001, 0.001, 0.001, 0.001, 0.001, 0.001, 0.001, 0.001, 0.001, 0.001, 0.001, 0.001, 0.001, 0.001, 0.001, 0.001, 0.001, 0.001, 0.001, 0.001, 0.001, 0.001, 0.001, 0.001, 0.001, 0.001, 0.001, 0.001, 0.001, 0.001, 0.001, 0.001, 0.001, 0.001, 0.001, 0.001, 0.001, 0.001, 0.001, 0.001, 0.001, 0.001, 0.001, 0.001, 0.001, 0.001, 0.001, 0.001, 0.001, 0.001, 0.001, 0.001, 0.001, 0.001, 0.001, 0.001, 0.001, 0.001, 0.001, 0.001, 0.001, 0.001, 0.001, 0.001, 0.001, 0.001], 'epochs': 300, 'final_metrics': {'train_mse': 0.05236801616491203, 'test_mse': 0.34214716384611576, 'train_mae': 0.1552347605976547, 'test_mae': 0.3929306094155011, 'train_r2': 0.947631983835088, 'test_r2': 0.594000719945605}}"
123,"MultKAN(
  (act_fun): ModuleList(
    (0-1): 2 x KANLayer(
      (base_fun): SiLU()
    )
  )
  (base_fun): SiLU()
  (symbolic_fun): ModuleList(
    (0-1): 2 x Symbolic_KANLayer()
  )
)",0.7862176630167153,0.6098518506854776,0.21378233698328475,0.32323197422465344,0.3523218019219647,0.4213765464270423,"[[-4.8990053e-01 -4.6774733e-01 -4.9860606e-01 -5.5864185e-01]
 [-6.4467669e-01 -6.0856032e-01 -6.2486565e-01 -9.4144613e-01]
 [-1.9986361e-01 -3.5834545e-01 -2.5682107e-01 -6.2217772e-02]
 [ 9.2920047e-01  1.1567919e+00  1.0380769e+00  9.7197735e-01]
 [-6.4684230e-01 -5.6782681e-01 -6.4637804e-01 -9.1113389e-01]
 [ 4.7232467e-01  9.5124364e-01  6.8328744e-01  3.3625010e-01]
 [-3.4040612e-01 -3.0788904e-01 -2.9368147e-01 -6.2362880e-02]
 [ 8.6162412e-01  1.1596868e+00  9.9537748e-01  9.1201627e-01]
 [-4.0485984e-01 -4.9272233e-01 -4.4344956e-01 -2.3486371e-01]
 [ 9.2552185e-02 -6.0782269e-02  6.3861474e-02  3.6015773e-01]
 [-5.4093480e-01 -5.8309603e-01 -5.7950246e-01 -8.0010885e-01]
 [ 4.1735011e-01  9.3990338e-01  6.8208462e-01  2.5559843e-01]
 [ 1.4707378e+00  1.2895037e+00  1.4718633e+00  1.3803451e+00]
 [-4.6414149e-01 -4.9919006e-01 -4.7961038e-01 -1.4464818e-01]
 [-4.7361690e-01 -5.2757984e-01 -4.9649751e-01 -2.4046250e-01]
 [-6.0411882e-01 -5.6438875e-01 -5.8918232e-01 -9.2008162e-01]
 [-6.2022507e-02  2.5635734e-03 -3.1576812e-02 -1.2978706e-01]
 [-3.5468817e-02 -4.8084557e-04 -1.7173842e-02 -1.9439286e-01]
 [-5.9883296e-02  6.1955571e-02 -1.6157657e-02 -9.4783008e-02]
 [ 4.7260487e-01  1.0002015e+00  7.2726488e-01  2.9850128e-01]
 [ 1.8740520e+00  2.0322242e+00  2.0391669e+00  1.7828670e+00]
 [ 3.3668280e-03 -6.5837651e-03 -1.7903745e-02  4.9009055e-02]
 [-5.4980832e-01 -5.1946127e-01 -5.5480236e-01 -5.9798378e-01]
 [-1.0893506e-01 -1.1751367e-01 -1.3363445e-01 -5.1192164e-02]
 [-6.1423099e-01 -5.6576306e-01 -5.9691459e-01 -9.0930223e-01]
 [-4.4562539e-01 -4.1317981e-01 -4.3601310e-01 -4.4538161e-01]
 [ 3.6934614e-02  2.8493440e-01  1.2528959e-01  3.6165178e-02]
 [ 1.7566183e+00  1.8088441e+00  1.8594368e+00  1.6880423e+00]
 [-3.1237406e-01 -2.8207922e-01 -2.5973338e-01 -4.9442977e-02]
 [-1.3588542e-01 -1.9476908e-01 -1.3003273e-01 -1.6702901e-01]
 [-6.0190904e-01 -6.0601819e-01 -6.2408698e-01 -7.9666543e-01]
 [-7.5351882e-01 -6.1148441e-01 -7.7055758e-01 -8.7146270e-01]
 [ 7.0328093e-01  6.1649042e-01  6.9116879e-01  6.7543697e-01]
 [-1.5092900e-01 -1.9617826e-01 -1.4188750e-01 -1.5738741e-01]
 [-4.1839892e-01 -3.6489782e-01 -3.7617978e-01 -2.0028524e-01]
 [-2.4691463e-02  4.4245258e-02 -1.0960072e-02 -2.8060320e-01]
 [-5.6055510e-01 -5.6227410e-01 -5.6618971e-01 -2.3296511e-01]
 [-9.0053618e-01 -8.7659526e-01 -8.5008013e-01 -7.7939743e-01]
 [-4.0656513e-01 -4.7417498e-01 -4.2779166e-01 -2.8493443e-01]
 [ 8.1384391e-01  1.1593663e+00  9.9695343e-01  8.1574690e-01]
 [-1.8708432e-01 -2.6353431e-01 -2.0298675e-01 -3.3858001e-01]
 [ 2.4093580e-01  4.8094836e-01  3.3758229e-01  5.2925080e-02]
 [-2.8327808e-01 -4.0264285e-01 -3.2527775e-01 -8.7899655e-02]
 [-6.4882833e-01 -5.6809193e-01 -6.2805319e-01 -8.8958055e-01]
 [ 1.7756641e-02  7.9676904e-02  4.3071657e-02 -1.7543432e-01]
 [-6.2075078e-02  1.3616532e-02 -5.6637555e-02 -1.1715591e-02]
 [-2.8163835e-01 -3.3314413e-01 -3.2114476e-01 -1.5510701e-01]
 [ 1.1984242e+00  1.2037942e+00  1.2466466e+00  1.1502261e+00]
 [ 1.3808949e+00  1.4921796e+00  1.4796889e+00  1.3658872e+00]
 [ 7.0790070e-01  5.2305377e-01  6.6581655e-01  6.7961073e-01]
 [-1.0469382e+00 -9.3432033e-01 -1.3662674e+00 -1.0672383e+00]
 [-9.0137118e-01 -7.1101695e-01 -9.1123950e-01 -8.1047726e-01]
 [-5.9304225e-01 -5.8077061e-01 -6.0766041e-01 -6.2489784e-01]]",
456,Linear Regression,0.6113736119100341,0.5672348996721059,0.3886263880899659,0.8113089832072682,0.448629715065698,0.6063171130244772,,
456,Ridge Regression,0.6113372845479816,0.5661756481156273,0.38866271545201836,0.813340654397031,0.4486721113602965,0.6066323348096215,,
456,Lasso Regression,0.5723222482778685,0.5317502034250583,0.4276777517221315,0.8806847487067404,0.4608980750690886,0.6159676049814526,,
456,Elastic Net,0.5955661383034191,0.5483055855571853,0.4044338616965809,0.8485900013835331,0.4522054790469511,0.6055852997574902,,
456,Random Forest,0.9432731068620035,0.5420299895541729,0.056726893137996545,0.8716621751424031,0.15986123717354067,0.6239169437387837,,
456,Extra Trees,1.0,0.5848794293955539,1.793401607970445e-30,0.7829167503524284,1.009404664248279e-15,0.5671919585932796,,
456,Gradient Boosting,0.9845242786911969,0.559195995712789,0.015475721308803167,0.8423127984076907,0.09307832120182717,0.6022779956306005,,
456,Support Vector Regression,0.7727404333136244,0.5407692835825249,0.2272595666863756,0.8690642603144568,0.29660624724698864,0.6269328439291384,,
456,K-Nearest Neighbors,0.7003661750468828,0.524374569751197,0.2996338249531173,0.8937820270713402,0.3592802283359114,0.649226788970177,,
456,Decision Tree,1.0,0.3640568453637258,4.218102304428438e-33,1.1828571413612912,1.3422778371492671e-17,0.7225546177941542,,
456,TabNet,0.7595959964210399,0.6416341725988395,0.24040400357896002,0.6700829873023701,0.35544931816610215,0.5649782676280063,,
456,"BaseNeuralNetwork(
  (hidden_1): Linear(in_features=7, out_features=10, bias=True)
  (hidden_2): Linear(in_features=10, out_features=100, bias=True)
  (hidden_3): Linear(in_features=100, out_features=10, bias=True)
  (predict): Linear(in_features=10, out_features=4, bias=True)
)",0.983642582014137,0.40887639456196884,0.016357417985862942,1.1100958564767787,0.08440574256552542,0.7675139430308728,"[[-0.60173887 -0.09030312 -0.306039    1.6403369 ]
 [ 0.12068897  0.73073065  0.42903098  0.91328716]
 [-0.88487005 -0.84358525 -0.88786376 -0.9685438 ]
 [-0.7334306  -1.3204596  -1.1089828  -0.7457181 ]
 [ 0.07610445 -0.29659218 -0.1562401  -0.342159  ]
 [-0.854607   -0.7999986  -0.8162902  -0.7724664 ]
 [-0.8932198  -0.9141262  -1.0763987  -1.6728511 ]
 [-1.0296186  -1.0172963  -1.0642246  -1.4158285 ]
 [-0.8249086  -0.77961534 -0.8638707  -1.033066  ]
 [-0.5069754  -0.52338165 -0.51932174 -0.45309186]
 [ 1.5905901   1.8088335   1.7510396   1.5628737 ]
 [ 2.2381058   1.660651    2.1089888   1.8596073 ]
 [ 0.6886474   1.1643599   0.9249259   0.8955564 ]
 [ 0.6418679   0.49786752  0.70145804  1.7992018 ]
 [ 1.7974675   2.1091664   2.1924086   2.4581525 ]
 [ 0.42093274  0.6745863   0.5925251   0.55386573]
 [ 1.4377571   1.353326    1.5009588   1.5262223 ]
 [-0.65831757 -0.68294615 -0.63570094 -0.48550993]
 [-0.9204496  -0.8480939  -0.9379398  -1.1041762 ]
 [ 1.2001178   1.0865574   1.2413604   1.5984273 ]
 [-0.9883579  -0.90472907 -0.990766   -1.1758885 ]
 [-1.0648329  -1.001331   -1.0369536  -0.531839  ]
 [ 0.65620077  1.046683    0.8699038   0.7830717 ]
 [ 0.69898033  0.7200112   0.7951331   1.0986353 ]
 [ 1.7330809   2.5210078   2.2044978   2.0380964 ]
 [ 3.9291723   1.114817    2.6468644   2.0679846 ]
 [ 2.1067216   1.092071    1.4815161   0.5309582 ]
 [-0.6894965  -0.8105692  -0.74704814 -0.90755343]
 [ 1.6753622   1.4053142   1.5632871   0.9603964 ]
 [ 0.33650228 -0.20587695  0.10863365  0.27085102]
 [ 1.3708211   0.8330751   1.108271    1.0636588 ]
 [-1.0073619  -0.8763335  -1.0025022  -0.970517  ]
 [-1.7099599  -1.2605617  -1.6143006  -0.9759671 ]
 [ 0.70923805 -0.17325418  0.19557248 -0.68684834]
 [-0.1271812  -0.10860411 -0.13367218 -0.25579616]
 [-0.981727   -0.79069716 -0.8863211  -0.3090333 ]
 [ 2.197934    2.0524755   2.2648015   2.055116  ]
 [ 2.4886992  -1.0608046   0.52628976 -1.5088041 ]
 [ 1.0042694   1.6726834   1.3742332   1.6728326 ]
 [-0.43841165 -0.52392566 -0.53328866 -0.7390991 ]
 [ 0.78213394  1.2552764   1.0857624   1.058645  ]
 [-0.51011336 -0.6140159  -0.55434024 -0.53723216]
 [-0.5535391  -0.5833882  -0.57093406 -0.6457916 ]
 [-0.4423587  -0.5516902  -0.5051143  -0.5936887 ]
 [-0.60245526 -0.9315786  -0.72457194 -0.32311732]
 [-0.89528143 -0.5086761  -0.71970654 -0.3019589 ]
 [ 0.16831222  0.3340099   0.24639903  0.0594882 ]
 [ 0.2599493  -0.15670286  0.05468319  0.30479485]
 [ 0.5532788   0.8300173   0.7486857   0.7047616 ]
 [-0.58964396 -0.57884353 -0.5969677  -0.27728927]
 [-0.7634752  -0.751757   -0.8422691  -1.0872386 ]
 [ 4.452853    0.98935044  2.8578973   2.1524649 ]
 [-0.5595279  -0.6463788  -0.63056934 -0.5395505 ]]","{'train_losses': [1.0027329645329905, 0.9149121199884722, 0.8189996740510387, 0.6162489753577017, 0.5349387305398141, 0.4387522327803796, 0.4109406233314545, 0.37093932445972194, 0.3574317978514779, 0.3581064664308102, 0.326525098734325, 0.324530536008458, 0.3157475059551577, 0.32137862800229944, 0.3137560268082926, 0.29470820484622834, 0.28594612599080127, 0.29731992091382703, 0.27927748919014006, 0.2735202925940675, 0.27003942225729266, 0.26837828827481114, 0.26260370298499064, 0.2565628347858306, 0.25160210483497186, 0.24671696492981526, 0.24987061865507595, 0.25285032812145447, 0.23695556332747783, 0.239038587698052, 0.23144173201534055, 0.24341048340823862, 0.23384557640360248, 0.22526539177183183, 0.22509059066613835, 0.21638795709417713, 0.2180538705039409, 0.20710361033918395, 0.20743952565375837, 0.20682902838433942, 0.20142500246724776, 0.20586179803696372, 0.20511059979757956, 0.19676633269315766, 0.19131093892839648, 0.18820506166065892, 0.18460634308716944, 0.18274567126026076, 0.1810656501761367, 0.17959176310368122, 0.18434079520163998, 0.17279044112130518, 0.1719933128465087, 0.172022829252866, 0.17275454254160005, 0.16873481253822964, 0.162789965168603, 0.16230279778040224, 0.15700035910272309, 0.161413925579719, 0.15313478366982552, 0.16103566191609828, 0.1454124644158348, 0.15001695374808005, 0.1467762170659919, 0.14487122954620468, 0.1424525049665282, 0.13917435044723173, 0.1418185720760976, 0.1336922071753971, 0.145966506833511, 0.13715417986555445, 0.14251288050605404, 0.13177565491247561, 0.1311541848605679, 0.13306617496475096, 0.12416993658388814, 0.1194509104224703, 0.11794516834760865, 0.12388945316835757, 0.11737332429977194, 0.11370914711827232, 0.11456186273285458, 0.1125841977735681, 0.10749850326007412, 0.10415934993615074, 0.1052033974518699, 0.11107878092556231, 0.11361215206524057, 0.10784813956988434, 0.09771859019453968, 0.1023498733918513, 0.09752406909941666, 0.09705606992206266, 0.09618909473741247, 0.09489699269855215, 0.09249486623992843, 0.08673362503008496, 0.09772872218802091, 0.08967198572692371, 0.08876077151827273, 0.08862518873666564, 0.08348155135829602, 0.0838889766845011, 0.0900379569239674, 0.08484435126545929, 0.08374430293277386, 0.08158871372260394, 0.08216426599650614, 0.08128299224641054, 0.07645320396630033, 0.07623969360945686, 0.07467792856116448, 0.07785370804729962, 0.0810387384506964, 0.07208704693062652, 0.0720041419469541, 0.07057129189131721, 0.06947466562832555, 0.07568481648641248, 0.06841793500127331, 0.06638862186622235, 0.06651681180923216, 0.06654678741770406, 0.06704262734180497, 0.06475969605268009, 0.06332554836427012, 0.07212943466560494, 0.06656653346914437, 0.06853768559953859, 0.06381097105481932, 0.06242923252284527, 0.06195719074457884, 0.06272567871717676, 0.06264323515877608, 0.06280148954641435, 0.0595219892359549, 0.06116377327951693, 0.056608059623789404, 0.05512401894215615, 0.055058657206715114, 0.054403294388565324, 0.058202902035367106, 0.05424636070646586, 0.054459150444956556, 0.053695200221432794, 0.053717181424520186, 0.05344794444259136, 0.052163712109529206, 0.05109640696055947, 0.054610977647826076, 0.05675107228659814, 0.057491711881612576, 0.05517631048156369, 0.05397501128214982, 0.05297958382195042, 0.05105409397172832, 0.051087189721123825, 0.0567501992467911, 0.05968921619557565, 0.06639840016742388, 0.061772300711562554, 0.05045761164998816, 0.05319590633735061, 0.04681901905625578, 0.04526184322012047, 0.044742851818521175, 0.04428875084305482, 0.04590423112254469, 0.04787174316363469, 0.04241305262210869, 0.041607421567483295, 0.04096328731506101, 0.04120917397461111, 0.04179432871000421, 0.03985137153687256, 0.042039797701422243, 0.04076092540016098, 0.04768857750440798, 0.042225033795881654, 0.042455830190691254, 0.04431945219966433, 0.0436183781543326, 0.04428937778838219, 0.04291000012909212, 0.04171315730819779, 0.04204025146581473, 0.03806255295151664, 0.039880955892224464, 0.04746325160827367, 0.04754909748331674, 0.04963404045350129, 0.04553082403576662, 0.044001943461837306, 0.04445974213341551, 0.04291283692263307, 0.038183059738648516, 0.03749913274640999, 0.03717209517415012, 0.03792678567791177, 0.03379041515290737, 0.03625262298831536, 0.03903907650120316, 0.039639092561218045, 0.04278491111472249, 0.043267981599896185, 0.04135065796154161, 0.03786910421425296, 0.03719223278664773, 0.03556900665224079, 0.03419169162460152, 0.03480129860221378, 0.0355212798852834, 0.035782671030310374, 0.03643628699524749, 0.03922561667258701, 0.03462173369142317, 0.0350650388807539, 0.0350203943709212, 0.03653122977383675, 0.033964277260125644, 0.034231505882475644, 0.03530154410268991, 0.03214504161188679, 0.031700829689901684, 0.03113108403199623, 0.02939880634808252, 0.031077150443208315, 0.02962597968777822, 0.028855018588083405, 0.030096292796154177, 0.03055544801416897, 0.03298793911873814, 0.031248995455943288, 0.02942080071736728, 0.0300800779894475, 0.03259441261029532, 0.03442089680221773, 0.02891739752263792, 0.027640936445564993, 0.026307088112638842, 0.027182680817561283, 0.02894553208663579, 0.028287148418565913, 0.029457227116630923, 0.028771317879398985, 0.025712348926331726, 0.02557148632683581, 0.025748220768066182, 0.025050788779833143, 0.0245239584811873, 0.025557753179342516, 0.029749501316297437, 0.0287250803423024, 0.027632337739510883, 0.026179240783676505, 0.027779638331623807, 0.025340937926704363, 0.02559174911209172, 0.026358256266722755, 0.02736991522232852, 0.02620805438698059, 0.02808765574328361, 0.0326915578015389, 0.029126934924974077, 0.025961506488402526, 0.02309913817612875, 0.02304194026416348, 0.023253962277404724, 0.023030684404676, 0.022805372087825692, 0.024590995613365405, 0.025128854986941142, 0.022633644226457802, 0.02777727167572706, 0.02161574474115285, 0.021621839368655797, 0.021165148009576144, 0.023155665197860328, 0.021313493861065756, 0.0205334261690657, 0.020868412053753293, 0.02185905155455393, 0.028191406219716993, 0.02788131243939842, 0.028361108860061053, 0.02695367644510923, 0.030589934693829667, 0.0479823381549889, 0.04435623971925628, 0.033744046757478385, 0.03037209464837947, 0.025272371307496103, 0.023970874830058986, 0.0208419838529681, 0.01933707864654641, 0.017487224908695826, 0.018583304511623516, 0.017343184430032008, 0.018107943341977174], 'test_losses': [2.07851505279541, 0.8608413338661194, 0.8524124026298523, 0.8320159912109375, 0.8710892796516418, 0.9243901968002319, 0.9388207197189331, 0.9879992604255676, 1.0578986406326294, 1.1020771265029907, 1.0404460430145264, 1.132927656173706, 1.182016134262085, 1.1767537593841553, 1.143405556678772, 1.161309003829956, 1.104717493057251, 1.10289466381073, 1.1382564306259155, 1.1946640014648438, 1.0917296409606934, 1.1034679412841797, 1.1493535041809082, 1.1468119621276855, 1.1049060821533203, 1.1690202951431274, 1.1179949045181274, 1.172305941581726, 1.089036226272583, 1.1721364259719849], 'train_r2_scores': [0.03512568796652013, 0.6773534239538408, 0.7386359911111077, 0.7764114689942726, 0.8067470624626838, 0.82747892178258, 0.8539791576424722, 0.8740471870959756, 0.8881230650354688, 0.8975673622383475, 0.9159947536452102, 0.9294065418134557, 0.9330262515308148, 0.9372473512385686, 0.9459790549188771, 0.9502641505397208, 0.9423698018857466, 0.9601756220954738, 0.9605752484651482, 0.9406803162417029, 0.9669656963205413, 0.9681096773916081, 0.966210548968089, 0.9696571950029083, 0.9729302616702359, 0.9751573724432991, 0.9742515213777135, 0.9772218045658149, 0.9796381323270189, 0.9651073208778412], 'test_r2_scores': [-0.11036799228047611, 0.535795783931184, 0.5416865856188414, 0.5520456899906894, 0.5333656560925211, 0.5058314294355591, 0.4971314953099653, 0.47012905870853156, 0.4324206450063084, 0.4085283657776039, 0.44259829085505564, 0.3942836969953522, 0.36778449432173915, 0.37259209520389236, 0.39023476549278635, 0.3804917439227608, 0.4135146274291647, 0.412686030343709, 0.39405800479367636, 0.3629266949747513, 0.4193813393375754, 0.4130026029938044, 0.389792425083626, 0.3907889520198373, 0.41460820094670725, 0.38002113402855675, 0.4046669195460654, 0.37668039923054875, 0.4205960161512929, 0.37811740594467624], 'epochs': 300, 'final_metrics': {'train_mse': 0.016357417985862942, 'test_mse': 1.1100958564767787, 'train_mae': 0.08440574256552542, 'test_mae': 0.7675139430308728, 'train_r2': 0.983642582014137, 'test_r2': 0.40887639456196884}}"
456,"ExplainableDBPsModel(
  (feature_extractor): PhysicsInformedFeatureExtractor(
    (group_extractors): ModuleDict(
      (environmental): Sequential(
        (0): Linear(in_features=2, out_features=32, bias=True)
        (1): ReLU()
        (2): Dropout(p=0.1, inplace=False)
      )
      (organic_matter): Sequential(
        (0): Linear(in_features=1, out_features=16, bias=True)
        (1): ReLU()
        (2): Dropout(p=0.1, inplace=False)
      )
      (disinfectant): Sequential(
        (0): Linear(in_features=1, out_features=16, bias=True)
        (1): ReLU()
        (2): Dropout(p=0.1, inplace=False)
      )
      (nitrogen_species): Sequential(
        (0): Linear(in_features=2, out_features=32, bias=True)
        (1): ReLU()
        (2): Dropout(p=0.1, inplace=False)
      )
      (halides): Sequential(
        (0): Linear(in_features=1, out_features=16, bias=True)
        (1): ReLU()
        (2): Dropout(p=0.1, inplace=False)
      )
    )
    (chemistry_encoder): Sequential(
      (0): Linear(in_features=3, out_features=16, bias=True)
      (1): ReLU()
      (2): Dropout(p=0.1, inplace=False)
    )
    (interaction_extractor): Sequential(
      (0): Linear(in_features=128, out_features=64, bias=True)
      (1): ReLU()
      (2): Dropout(p=0.2, inplace=False)
      (3): Linear(in_features=64, out_features=32, bias=True)
    )
  )
  (attention): AttentionMechanism(
    (attention): Sequential(
      (0): Linear(in_features=128, out_features=64, bias=True)
      (1): ReLU()
      (2): Linear(in_features=64, out_features=5, bias=True)
      (3): Softmax(dim=1)
    )
  )
  (predictor): DBPsSpecificPredictor(
    (predictors): ModuleList(
      (0-3): 4 x Sequential(
        (0): Linear(in_features=160, out_features=128, bias=True)
        (1): ReLU()
        (2): Dropout(p=0.2, inplace=False)
        (3): Linear(in_features=128, out_features=64, bias=True)
        (4): ReLU()
        (5): Linear(in_features=64, out_features=1, bias=True)
      )
    )
  )
)",0.9668963639168503,0.6056508166165346,0.03310363608314971,0.7505061472399064,0.1340933683674298,0.5960155131525252,"[[-0.72078043 -0.6600673  -0.6814133  -0.47348943]
 [ 0.04327932 -0.10098632  0.12148812  0.2739218 ]
 [-0.89489377 -0.89423704 -0.90380555 -1.0516515 ]
 [ 1.1156403   0.0898387   0.7221266  -0.08849534]
 [-0.7316086  -0.7167654  -0.7443782  -0.8024169 ]
 [-0.77564895 -0.80007696 -0.78743875 -0.7914045 ]
 [-1.0657537  -0.8854578  -0.97453785 -1.3502659 ]
 [-1.2323747  -0.98696065 -1.112748   -1.5674262 ]
 [-0.8096721  -0.8689342  -0.850335   -0.89789   ]
 [-0.505852   -0.5555021  -0.505153   -0.37676728]
 [ 1.8014367   1.954183    2.0699086   1.7804141 ]
 [ 1.5098319   1.2004634   1.5183128   1.5817416 ]
 [ 0.7525227   0.9440786   0.89247596  0.714025  ]
 [ 1.3994776   1.010472    1.241517    1.6255155 ]
 [ 0.8873233   0.9248284   0.9465678   1.557021  ]
 [ 0.6112102   1.0135748   0.7867478   0.97466815]
 [ 1.6908342   1.8882214   1.8402518   1.7402412 ]
 [-0.5558945  -0.66192174 -0.6059559  -0.6312039 ]
 [-1.0090998  -0.9075719  -0.9662112  -1.1586426 ]
 [ 1.9239761   1.8298274   2.0032232   1.6539102 ]
 [-0.8182757  -0.7662938  -0.8100457  -1.0573341 ]
 [-0.6869538  -0.7194736  -0.70197725 -0.47560003]
 [ 0.3582443   1.0637513   0.76787555  0.93743575]
 [ 1.2203066   1.7599182   1.5468147   1.8983066 ]
 [ 1.5411389   2.0323598   1.9880658   1.9179962 ]
 [ 1.9908931   1.0670294   1.5781332   0.8959505 ]
 [ 1.9191227   0.26407078  1.3740886   0.18059666]
 [-0.6025601  -0.6082213  -0.5854143  -0.34107128]
 [ 1.3029265   1.8957494   1.6412789   1.2206967 ]
 [ 0.5553869  -0.02319995  0.39716107  0.5283216 ]
 [ 0.65206563  0.2985006   0.55079365  0.61249626]
 [-0.80712616 -0.7467196  -0.7765143  -0.8823017 ]
 [ 0.8503865  -0.10018647  0.38158885  0.13930531]
 [ 1.4484178   1.3051506   1.5447327   1.1176357 ]
 [ 0.40626884  0.8708804   0.70586824  0.61823934]
 [-0.6473218  -0.68327135 -0.64280134 -0.41089502]
 [ 1.6331825   1.809724    1.7885935   1.6112295 ]
 [ 3.288356    0.5605761   1.9105684   0.6729684 ]
 [ 0.69528455  0.98491013  0.87755626  0.7927072 ]
 [-0.7134916  -0.67799366 -0.6708032  -0.7650804 ]
 [ 1.3247662   1.8728508   1.6508622   1.645396  ]
 [-0.6250422  -0.57161534 -0.592463   -0.24460162]
 [-0.6332266  -0.6172962  -0.60372996 -0.61119723]
 [-0.6191367  -0.6523509  -0.62611777 -0.60805357]
 [-0.69656277 -0.735847   -0.71112895 -0.323125  ]
 [-0.43204653 -0.2680958  -0.3309707  -0.10800909]
 [-0.18863788  0.11864215 -0.03435888 -0.26002035]
 [ 0.538331   -0.01151672  0.3730816   0.36696887]
 [ 0.9907547   1.1919357   1.1672021   0.9317665 ]
 [-0.5962963  -0.6357104  -0.60724723 -0.21691297]
 [-0.9847957  -0.88841033 -0.9491262  -1.1645174 ]
 [ 2.3254046   0.9030818   1.6340691   0.8165215 ]
 [-0.36033627 -0.48453474 -0.35192615 -0.03312474]]","{'train_losses': [1.005799412727356, 0.9938785433769226, 0.9808065295219421, 0.9666813611984253, 0.9549727439880371, 0.9424031376838684, 0.9213314056396484, 0.8962738513946533, 0.8749383091926575, 0.8508761525154114, 0.8056768774986267, 0.7732529044151306, 0.7390490174293518, 0.6928863525390625, 0.6457798480987549, 0.5998445153236389, 0.5650757551193237, 0.5137712955474854, 0.47887465357780457, 0.4231656491756439, 0.4104415476322174, 0.4414408206939697, 0.3995093107223511, 0.4347759485244751, 0.4363971948623657, 0.4501967430114746, 0.39107567071914673, 0.4180375337600708, 0.3493516743183136, 0.3639530837535858, 0.3674374520778656, 0.35291287302970886, 0.3731319308280945, 0.3811272978782654, 0.3394232392311096, 0.37135183811187744, 0.3699113726615906, 0.3656623959541321, 0.3764522671699524, 0.3624390661716461, 0.3333955407142639, 0.3403204083442688, 0.3209386467933655, 0.35239675641059875, 0.3369598090648651, 0.33574724197387695, 0.3081173300743103, 0.3139125108718872, 0.30898478627204895, 0.30538517236709595, 0.33422863483428955, 0.3000689446926117, 0.2893049716949463, 0.307007372379303, 0.29734861850738525, 0.26922735571861267, 0.31013622879981995, 0.29020610451698303, 0.2796882390975952, 0.3012271225452423, 0.2896997928619385, 0.2598372995853424, 0.2800810933113098, 0.25472867488861084, 0.3083415627479553, 0.2655201554298401, 0.24897128343582153, 0.3025380074977875, 0.24908970296382904, 0.2540549635887146, 0.27306652069091797, 0.2367703914642334, 0.2684897482395172, 0.24560102820396423, 0.2511080503463745, 0.2289791703224182, 0.20859351754188538, 0.20673128962516785, 0.23299410939216614, 0.21508100628852844, 0.22154156863689423, 0.22700844705104828, 0.23641784489154816, 0.23282524943351746, 0.2313903421163559, 0.21717113256454468, 0.1807725727558136, 0.2034245729446411, 0.1826244443655014, 0.1873152107000351, 0.2341344952583313, 0.19620347023010254, 0.19312360882759094, 0.2023143470287323, 0.1974256932735443, 0.19667969644069672, 0.19151534140110016, 0.16349470615386963, 0.17301441729068756, 0.18700861930847168, 0.176655113697052, 0.1644851416349411, 0.164134219288826, 0.16886574029922485, 0.16716627776622772, 0.17969506978988647, 0.16051815450191498, 0.1594359278678894, 0.16038741171360016, 0.18297863006591797, 0.16416768729686737, 0.15278109908103943, 0.17704448103904724, 0.15847446024417877, 0.15986110270023346, 0.16790924966335297, 0.16791577637195587, 0.18302585184574127, 0.14550833404064178, 0.17619632184505463, 0.16025115549564362, 0.1566142439842224, 0.15552808344364166, 0.15359658002853394, 0.17796185612678528, 0.15559501945972443, 0.16061553359031677, 0.15056119859218597, 0.1310890018939972, 0.15466426312923431, 0.14053793251514435, 0.15462791919708252, 0.14513124525547028, 0.13905265927314758, 0.14071719348430634, 0.13804124295711517, 0.1517820507287979, 0.13523370027542114, 0.13125285506248474, 0.14199116826057434, 0.14485099911689758, 0.13063853979110718, 0.12875500321388245, 0.12389103323221207, 0.138441264629364, 0.12096019834280014, 0.12671321630477905, 0.1333043873310089, 0.1401197761297226, 0.13828516006469727, 0.13517111539840698, 0.13009962439537048, 0.11196576058864594, 0.12585248053073883, 0.15013597905635834, 0.13156698644161224, 0.1290728598833084, 0.13320356607437134, 0.10976247489452362, 0.12155913561582565, 0.11863407492637634, 0.12271851301193237, 0.12219621241092682, 0.12928473949432373, 0.11708061397075653, 0.11451525241136551, 0.1140822246670723, 0.11221420019865036, 0.1293964982032776, 0.11041022837162018, 0.10804831236600876, 0.13094986975193024, 0.11737816780805588, 0.10256527364253998, 0.1137533113360405, 0.12274088710546494, 0.11263999342918396, 0.11120472848415375, 0.12485501915216446, 0.11037756502628326, 0.10224632918834686, 0.10515734553337097, 0.1190662756562233, 0.10750864446163177, 0.12229978293180466, 0.10351993143558502, 0.11153499037027359, 0.10405725240707397, 0.09045901894569397, 0.12024714797735214, 0.10949960350990295, 0.10562222450971603, 0.10044624656438828, 0.10120866447687149, 0.09909834712743759, 0.09353413432836533, 0.11564299464225769, 0.0984383076429367, 0.10670057684183121, 0.09236133843660355, 0.09276910126209259, 0.09218180924654007, 0.09306322038173676, 0.09969969838857651, 0.07425504177808762, 0.09415026009082794, 0.11219309270381927, 0.10155093669891357, 0.10709670931100845, 0.10603443533182144, 0.09383479505777359, 0.08477168530225754, 0.08262316882610321, 0.08956186473369598, 0.0912044420838356, 0.08163513243198395, 0.10186095535755157, 0.1099528819322586, 0.08367043733596802, 0.09166470915079117, 0.08854169398546219, 0.07585033774375916, 0.08791831880807877, 0.08504918217658997, 0.0871175155043602, 0.09643347561359406, 0.08899960666894913, 0.0882326066493988, 0.07840902358293533, 0.08793315291404724, 0.06692501157522202, 0.09042177349328995, 0.08649315685033798, 0.0885763168334961, 0.08966104686260223, 0.07746464014053345, 0.08026944845914841, 0.08181329071521759, 0.09652823209762573, 0.07106708735227585, 0.07515963166952133, 0.10108918696641922, 0.08518508821725845, 0.0794115737080574, 0.0880347266793251, 0.06627215445041656, 0.07203454524278641, 0.08193537592887878, 0.07576334476470947, 0.07176965475082397, 0.07669979333877563, 0.08129452168941498, 0.08057098835706711, 0.07161856442689896, 0.07674361020326614, 0.07487382739782333, 0.07300890237092972, 0.08195541799068451, 0.06911583989858627, 0.09771369397640228, 0.08063866943120956, 0.06980171799659729, 0.0783676952123642, 0.0710049420595169, 0.07366620749235153, 0.07630135864019394, 0.06629415601491928, 0.07275030761957169, 0.07328442484140396, 0.05970490351319313, 0.07074186950922012, 0.07805785536766052, 0.07284117490053177, 0.07546380162239075, 0.08159251511096954, 0.06578624993562698, 0.07215967029333115, 0.06583008170127869, 0.07746537029743195, 0.0749293640255928, 0.07184679061174393, 0.06479446589946747, 0.06731776148080826, 0.0645335465669632, 0.06824135780334473, 0.05812535062432289, 0.06904195249080658, 0.06359758228063583, 0.0774773508310318, 0.07082580775022507, 0.08230074495077133, 0.06184224411845207, 0.08295688778162003, 0.0728699341416359, 0.0741669237613678, 0.05218692123889923, 0.07285375148057938, 0.059148430824279785, 0.07197221368551254, 0.061867855489254], 'test_losses': [2.0314249992370605, 1.586000680923462, 0.7919144630432129, 0.8086506724357605, 0.8035926818847656, 0.7526750564575195, 0.7572853565216064, 0.723527729511261, 0.7061148881912231, 0.676874041557312, 0.6683393120765686, 0.6285314559936523, 0.6513902544975281, 0.6755154728889465, 0.6626083254814148, 0.6756519079208374, 0.6850537657737732, 0.6986743211746216, 0.6884683966636658, 0.7057074308395386, 0.7406985759735107, 0.7134580612182617, 0.731862485408783, 0.7440025210380554, 0.7125760912895203, 0.7326326370239258, 0.7101113796234131, 0.7371859550476074, 0.7392841577529907, 0.7670076489448547], 'train_r2_scores': [0.0087518144688854, 0.2353604754934244, 0.604294745223408, 0.666438042793059, 0.6852059433322928, 0.7201165482240498, 0.7491392772816513, 0.7819590718976444, 0.8117874629349863, 0.8363525950208079, 0.8534991350677422, 0.8716910212689044, 0.8830180410920361, 0.8902749788678868, 0.8963410348823935, 0.9038450271507037, 0.9128740494810369, 0.9199019080269469, 0.9274569919108951, 0.9321758144158993, 0.937711845291915, 0.9446405125230458, 0.9482988427956733, 0.9551464072501308, 0.955843811387722, 0.9563940597389007, 0.960785530310289, 0.9612476428107435, 0.9629068123918899, 0.9645593910149988], 'test_r2_scores': [-0.07769516900129508, 0.15855855677918984, 0.5708113247879415, 0.5675467420908589, 0.5703733671580468, 0.5962674861171122, 0.5950156437270073, 0.6132216421875986, 0.6236840854012544, 0.6400409658118568, 0.6460841940412418, 0.6677938409252662, 0.6557327691204222, 0.6436195073604427, 0.6497614926360578, 0.6434181038761824, 0.6387389275185764, 0.6313761865305869, 0.6366419095382079, 0.6277474096129183, 0.609887085067258, 0.6250997228383142, 0.6152587312427525, 0.6085174888521507, 0.6252030761972098, 0.6156289934981561, 0.6267565409176368, 0.6120534816045743, 0.6108804491664426, 0.5976071740799886], 'learning_rates': [0.001, 0.001, 0.001, 0.001, 0.001, 0.001, 0.001, 0.001, 0.001, 0.001, 0.001, 0.001, 0.001, 0.001, 0.001, 0.001, 0.001, 0.001, 0.001, 0.001, 0.001, 0.001, 0.001, 0.001, 0.001, 0.001, 0.001, 0.001, 0.001, 0.001, 0.001, 0.001, 0.001, 0.001, 0.001, 0.001, 0.001, 0.001, 0.001, 0.001, 0.001, 0.001, 0.001, 0.001, 0.001, 0.001, 0.001, 0.001, 0.001, 0.001, 0.001, 0.001, 0.001, 0.001, 0.001, 0.001, 0.001, 0.001, 0.001, 0.001, 0.001, 0.001, 0.001, 0.001, 0.001, 0.001, 0.001, 0.001, 0.001, 0.001, 0.001, 0.001, 0.001, 0.001, 0.001, 0.001, 0.001, 0.001, 0.001, 0.001, 0.001, 0.001, 0.001, 0.001, 0.001, 0.001, 0.001, 0.001, 0.001, 0.001, 0.001, 0.001, 0.001, 0.001, 0.001, 0.001, 0.001, 0.001, 0.001, 0.001, 0.001, 0.001, 0.001, 0.001, 0.001, 0.001, 0.001, 0.001, 0.001, 0.001, 0.001, 0.001, 0.001, 0.001, 0.001, 0.001, 0.001, 0.001, 0.001, 0.001, 0.001, 0.001, 0.001, 0.001, 0.001, 0.001, 0.001, 0.001, 0.001, 0.001, 0.001, 0.001, 0.001, 0.001, 0.001, 0.001, 0.001, 0.001, 0.001, 0.001, 0.001, 0.001, 0.001, 0.001, 0.001, 0.001, 0.001, 0.001, 0.001, 0.001, 0.001, 0.001, 0.001, 0.001, 0.001, 0.001, 0.001, 0.001, 0.001, 0.001, 0.001, 0.001, 0.001, 0.001, 0.001, 0.001, 0.001, 0.001, 0.001, 0.001, 0.001, 0.001, 0.001, 0.001, 0.001, 0.001, 0.001, 0.001, 0.001, 0.001, 0.001, 0.001, 0.001, 0.001, 0.001, 0.001, 0.001, 0.001, 0.001, 0.001, 0.001, 0.001, 0.001, 0.001, 0.001, 0.001, 0.001, 0.001, 0.001, 0.001, 0.001, 0.001, 0.001, 0.001, 0.001, 0.001, 0.001, 0.001, 0.001, 0.001, 0.001, 0.001, 0.001, 0.001, 0.001, 0.001, 0.001, 0.001, 0.001, 0.001, 0.001, 0.001, 0.001, 0.001, 0.001, 0.001, 0.001, 0.001, 0.001, 0.001, 0.001, 0.001, 0.001, 0.001, 0.001, 0.001, 0.001, 0.001, 0.001, 0.001, 0.001, 0.001, 0.001, 0.001, 0.001, 0.001, 0.001, 0.001, 0.001, 0.001, 0.001, 0.001, 0.001, 0.001, 0.001, 0.001, 0.001, 0.001, 0.001, 0.001, 0.001, 0.001, 0.001, 0.001, 0.001, 0.001, 0.001, 0.001, 0.001, 0.001, 0.001, 0.001, 0.001, 0.001, 0.001, 0.001, 0.001, 0.001, 0.001, 0.001, 0.001, 0.001, 0.001, 0.001, 0.001, 0.001, 0.001, 0.001, 0.001, 0.001, 0.001, 0.001, 0.001, 0.001, 0.001, 0.001, 0.001, 0.001, 0.001, 0.001], 'epochs': 300, 'final_metrics': {'train_mse': 0.03310363608314971, 'test_mse': 0.7505061472399064, 'train_mae': 0.1340933683674298, 'test_mae': 0.5960155131525252, 'train_r2': 0.9668963639168503, 'test_r2': 0.6056508166165346}}"
456,"MultKAN(
  (act_fun): ModuleList(
    (0-1): 2 x KANLayer(
      (base_fun): SiLU()
    )
  )
  (base_fun): SiLU()
  (symbolic_fun): ModuleList(
    (0-1): 2 x Symbolic_KANLayer()
  )
)",0.7372497429740946,0.3977093256848828,0.2627502570259054,1.1351242808467374,0.3841059682531267,0.7239959676888009,"[[-4.50957179e-01 -5.30057311e-01 -4.26598668e-01 -3.14650357e-01]
 [-4.62024361e-01 -4.59808975e-01 -4.43305314e-01 -4.14594829e-01]
 [-8.10831785e-01 -6.36539102e-01 -7.50585079e-01 -8.33953321e-01]
 [ 2.21674800e-01  1.64251179e-01  1.91225022e-01  9.28824022e-02]
 [-5.66588998e-01 -5.66143811e-01 -5.19385278e-01 -3.69166195e-01]
 [-5.30002773e-01 -5.27592540e-01 -4.71047640e-01 -2.74319947e-01]
 [-6.82582438e-01 -4.44625139e-01 -5.79003334e-01 -6.94226265e-01]
 [-8.83135438e-01 -6.67061448e-01 -8.59921813e-01 -9.94494379e-01]
 [-6.72228277e-01 -5.20844102e-01 -6.35240018e-01 -6.76671743e-01]
 [-4.70731974e-01 -5.62596321e-01 -4.59460944e-01 -3.82661581e-01]
 [-2.80770600e-01 -5.40059924e-01 -3.84168744e-01 -2.22199768e-01]
 [ 5.59742093e-01  1.16341576e-01  5.16721964e-01  5.59336185e-01]
 [ 4.16325927e-01  1.73781350e-01  3.26440096e-01  1.97154015e-01]
 [ 1.47816265e+00  1.69798100e+00  1.67782187e+00  1.34785032e+00]
 [ 1.45617032e+00  1.19657898e+00  1.47953868e+00  1.25571489e+00]
 [ 9.85482872e-01  2.06718311e-01  7.36210287e-01  5.99707186e-01]
 [ 1.42368495e+00  1.27231002e+00  1.45831645e+00  1.17258787e+00]
 [-4.92401063e-01 -5.82986474e-01 -4.81685996e-01 -3.83947134e-01]
 [-5.67345619e-01 -1.77484453e-01 -3.99528801e-01 -5.48066139e-01]
 [ 1.17703104e+00  1.00792527e+00  1.19730258e+00  1.04603648e+00]
 [-7.64495552e-01 -3.28767031e-01 -6.10613227e-01 -8.07330370e-01]
 [-4.72204685e-01 -4.58154052e-01 -4.44761664e-01 -3.80096287e-01]
 [ 1.42466402e+00  1.62365258e+00  1.61420095e+00  1.30167222e+00]
 [ 8.22503686e-01  1.00741851e+00  9.69134569e-01  8.06812286e-01]
 [ 2.21761510e-01 -1.93972796e-01  8.20362419e-02  2.05367252e-01]
 [ 1.11417854e+00  4.00289744e-01  1.01267588e+00  9.70422387e-01]
 [ 4.46264416e-01 -1.12971030e-02  3.02593738e-01  3.68535250e-01]
 [-1.94037944e-01 -2.31039971e-01 -1.16894335e-01  4.04949188e-02]
 [ 1.42990971e+00  1.30259025e+00  1.48067665e+00  1.22916341e+00]
 [-4.22315329e-01 -3.40859443e-01 -3.25875938e-01 -2.22486079e-01]
 [ 3.79900932e-01 -1.81278929e-01  2.32555330e-01  3.07377219e-01]
 [-6.18999422e-01 -5.09547234e-01 -5.49352288e-01 -5.52777052e-01]
 [-1.38274848e-01 -1.02214232e-01 -4.75089848e-02  1.06102228e-01]
 [-5.50565273e-02 -2.19583839e-01 -1.07244045e-01  7.90327266e-02]
 [ 4.88598943e-02  2.98801124e-01  1.71487957e-01  1.95591092e-01]
 [-5.12048483e-01 -5.46086907e-01 -5.17639220e-01 -4.52721179e-01]
 [ 7.32347488e-01  3.14172417e-01  6.48835778e-01  6.05267286e-01]
 [ 1.51206982e+00  1.57231629e+00  1.63977838e+00  1.30789268e+00]
 [ 7.35391676e-03 -6.86068386e-02  7.82534480e-03  9.62926149e-02]
 [-8.26539457e-01 -6.40638769e-01 -7.62502909e-01 -8.39646995e-01]
 [ 1.11079836e+00  1.49166286e+00  1.33367181e+00  1.03404999e+00]
 [-1.95443392e-01 -4.03195828e-01 -1.88297391e-01 -4.31567430e-04]
 [-5.51685870e-01 -5.83703876e-01 -5.12967944e-01 -3.25774074e-01]
 [-5.57394862e-01 -5.76086998e-01 -5.14741182e-01 -3.38533223e-01]
 [-4.25095528e-01 -4.15054768e-01 -3.69348466e-01 -3.45867127e-01]
 [-3.57340664e-01 -2.28526086e-01 -2.32655764e-01 -1.10458046e-01]
 [-4.99839514e-01 -3.77950549e-01 -4.71478403e-01 -4.35160577e-01]
 [ 2.11682826e-01 -1.97724670e-01  1.70499891e-01  2.92003065e-01]
 [ 1.12212563e+00  1.55220056e+00  1.37695408e+00  1.09318185e+00]
 [-4.38298821e-01 -5.20049572e-01 -4.14541245e-01 -3.10070932e-01]
 [-9.31466699e-01 -7.32871056e-01 -8.78580332e-01 -9.64263380e-01]
 [ 1.26258445e+00  4.59242761e-01  1.13933742e+00  1.08724153e+00]
 [-4.63495672e-01 -5.36948979e-01 -4.34874535e-01 -2.96112955e-01]]",
789,Linear Regression,0.6061526531258786,0.5967535328014404,0.3938473468741213,0.2937982266446043,0.4333397332602371,0.41012295717964964,,
789,Ridge Regression,0.6060990373337977,0.5997419535411251,0.3939009626662022,0.29159650090914163,0.43289020251324317,0.4077914164164428,,
789,Lasso Regression,0.5750269894371858,0.611186034759665,0.4249730105628141,0.2855824057416605,0.4439599943304111,0.3902419545023311,,
789,Elastic Net,0.5888278919038212,0.6271255069058581,0.41117210809617866,0.2734236975214203,0.43747791512410206,0.3826857748372532,,
789,Random Forest,0.9466758444136536,0.5840163955399941,0.05332415558634632,0.3030048003231127,0.14486319905786973,0.3689627316233892,,
789,Extra Trees,1.0,0.636827319395324,1.8608559723026158e-30,0.26466916973883564,8.982757189491255e-16,0.3503753437407374,,
789,Gradient Boosting,0.986510142249693,0.44328079745019366,0.013489857750306967,0.40180978889462093,0.08578635662472638,0.4195258157891554,,
789,Support Vector Regression,0.8004706090862689,0.526751144588671,0.19952939091373112,0.349986844352221,0.26777670706533263,0.42135499134679943,,
789,K-Nearest Neighbors,0.7065141689809044,0.5171307882983607,0.2934858310190954,0.35391388616463326,0.36094393709614464,0.4055961276849124,,
789,Decision Tree,1.0,0.19558675238599285,3.5361336683831216e-34,0.5749571469095213,3.1850660542524983e-18,0.5119756274062612,,
789,TabNet,0.7438302001171475,0.6269083197237058,0.2561697998828523,0.27159171136695365,0.3416899488880515,0.37000592965958334,,
789,"BaseNeuralNetwork(
  (hidden_1): Linear(in_features=7, out_features=10, bias=True)
  (hidden_2): Linear(in_features=10, out_features=100, bias=True)
  (hidden_3): Linear(in_features=100, out_features=10, bias=True)
  (predict): Linear(in_features=10, out_features=4, bias=True)
)",0.9792706794222241,0.4209250631469228,0.020729320577775934,0.42458490750402467,0.09983968004486402,0.4518241645363271,"[[ 6.69678569e-01  1.48782611e-01  4.68740702e-01  9.74396110e-01]
 [ 3.18937212e-01  1.08730197e-01  2.44955242e-01  1.07482493e-01]
 [-1.04921192e-01 -4.38458443e-01 -3.02110404e-01 -5.34814179e-01]
 [ 9.35934663e-01  1.46753502e+00  1.25409532e+00  1.16586065e+00]
 [-5.09567678e-01 -1.23895347e-01 -3.20045024e-01 -1.88919485e-01]
 [ 3.99126619e-01 -8.93044472e-02  2.36627221e-01  9.68794346e-01]
 [ 8.45401525e-01  6.74574554e-01  7.88389683e-01  8.77127528e-01]
 [-1.14912796e+00 -8.35803509e-01 -1.05044174e+00 -1.25795174e+00]
 [-3.45298648e-03  1.01477027e-01  6.99135661e-02  4.73889232e-01]
 [ 7.91757107e-02  2.51421750e-01  1.70398355e-01  2.82536864e-01]
 [-6.43380702e-01 -6.54909253e-01 -7.08698034e-01 -8.21231246e-01]
 [-5.42163908e-01 -5.83714783e-01 -5.92327058e-01 -8.50190520e-01]
 [-1.43026161e+00 -1.03500462e+00 -1.26785088e+00 -1.17794943e+00]
 [ 1.86723781e+00  2.57368827e+00  2.25559378e+00  1.93095744e+00]
 [-4.07294691e-01 -5.80923140e-01 -4.79487211e-01 -4.99003947e-01]
 [-1.24001873e+00 -1.01072574e+00 -1.15364671e+00 -6.97135627e-01]
 [ 2.42275643e+00  5.41733921e-01  1.38843119e+00  6.78035855e-01]
 [-4.37102556e-01 -5.02500534e-01 -4.47253019e-01 -2.63859034e-02]
 [-9.63133812e-01 -8.44472229e-01 -1.00099671e+00 -1.17141700e+00]
 [ 5.66950560e-01 -2.85390049e-01  1.23351455e-01 -2.43407071e-01]
 [-1.11778533e+00 -3.51815581e-01 -7.92480230e-01 -4.98285413e-01]
 [ 3.35738635e+00  1.99007487e+00  2.80056620e+00  1.76583970e+00]
 [-1.03491259e+00 -7.16946542e-01 -9.07500505e-01 -7.39105582e-01]
 [ 2.85983181e+00  1.53050995e+00  2.32054758e+00  1.51135528e+00]
 [ 1.34632540e+00  1.98214483e+00  1.70947540e+00  1.47960126e+00]
 [-5.33432066e-01 -5.50294161e-01 -5.15278578e-01 -2.40202636e-01]
 [ 7.16975212e-01 -2.57211447e-01  2.24307358e-01  1.21118009e-01]
 [-1.09271443e+00 -8.65189314e-01 -1.03424740e+00 -1.12953532e+00]
 [ 1.14363730e+00  1.96727324e+00  1.50753462e+00  1.19328654e+00]
 [-1.06837595e+00 -8.66733849e-01 -9.84995246e-01 -7.78100312e-01]
 [-7.86103725e-01 -6.84845746e-01 -7.06443548e-01 -3.15094590e-02]
 [ 2.36704016e+00  5.09881556e-01  1.38675761e+00  8.76925945e-01]
 [-9.54470634e-01 -8.53251100e-01 -9.61041689e-01 -1.24661517e+00]
 [-1.48236501e+00 -9.29944217e-01 -1.27699018e+00 -9.53217268e-01]
 [-6.58466935e-01 -6.38670444e-01 -6.63169563e-01 -8.30566883e-01]
 [-6.97325468e-01 -6.99614048e-01 -7.21971035e-01 -8.50717962e-01]
 [-9.04353857e-01 -8.20154667e-01 -8.76145840e-01 -9.93287325e-01]
 [-1.70558020e-01 -4.12146032e-01 -2.54869282e-01  3.01082730e-02]
 [-5.45855284e-01 -5.90323269e-01 -5.65519094e-01 -4.36362386e-01]
 [-4.20443445e-01 -6.68075919e-01 -5.43762207e-01 -3.75772625e-01]
 [-5.24118066e-01 -5.44101894e-01 -5.05758047e-01 -1.63070261e-01]
 [-8.89849186e-01 -8.17297459e-01 -8.82625103e-01 -1.02532160e+00]
 [-5.13611019e-01 -5.37287116e-01 -5.39803803e-01 -5.58499932e-01]
 [ 1.38213247e-01  8.33911896e-02  1.07749641e-01 -1.90307021e-01]
 [-9.07210827e-01 -8.26864362e-01 -9.04987335e-01 -1.02410030e+00]
 [-9.06704426e-01 -8.01651418e-01 -8.70184183e-01 -8.04515839e-01]
 [ 9.72550988e-01  1.15385675e+00  1.13358688e+00  9.36844230e-01]
 [ 3.82547784e+00  9.38662827e-01  2.29210186e+00 -8.15421343e-03]
 [-2.90326953e-01 -3.28712702e-01 -2.76676714e-01  3.51962447e-01]
 [ 2.27018571e+00  1.69727182e+00  1.91724646e+00  1.90040886e+00]
 [ 1.55223101e-01  3.41914237e-01  2.55639851e-01  3.94232512e-01]
 [-5.40426672e-01 -6.10756934e-01 -6.35761142e-01 -9.20956731e-01]
 [ 6.42019033e-01  4.04321611e-01  6.10236645e-01  5.74035645e-01]]","{'train_losses': [1.0216127970526296, 0.922729488342039, 0.8533797446758516, 0.7236423487624815, 0.6151651567028414, 0.5060423677486758, 0.4297810224515776, 0.4083550390937636, 0.37193347874187654, 0.34975759781176047, 0.34799847589625466, 0.353298174157258, 0.3400601101738791, 0.3313701787302571, 0.3370916116381845, 0.32395780813549796, 0.3258998985252073, 0.33081969690899693, 0.31622408684943953, 0.3108996899738427, 0.3155987289163374, 0.3117279461434772, 0.31102474923095397, 0.3002815710140332, 0.2872267196916284, 0.28558286163024604, 0.2800817505847062, 0.27659070173338535, 0.27326154931178015, 0.26779901296381026, 0.2646218804462302, 0.2594127367821432, 0.2546792660629557, 0.25319096866634583, 0.2439256958182781, 0.23723306557944707, 0.2359413732023489, 0.22760580275808612, 0.22635331617728358, 0.2251655962318182, 0.21483639797436133, 0.21228766237055102, 0.20594065366012435, 0.20299839865296118, 0.21382781634888343, 0.20773281469460456, 0.1977260397566903, 0.19154091557908443, 0.19855513916380943, 0.19035551877271745, 0.18639595091583266, 0.18246044607592687, 0.1816367862085181, 0.1870132045399758, 0.17404134406317626, 0.17528079212793418, 0.17212056044128635, 0.17562146773261408, 0.1656608698108504, 0.16671543009579182, 0.1723775875063673, 0.16973167741971631, 0.16191826418282523, 0.15931600545563043, 0.1571073117515733, 0.15936402513855888, 0.16304315197011154, 0.15332862560547167, 0.15290209777172534, 0.1499638416834416, 0.15362613582082332, 0.14974181963911942, 0.15196471946734574, 0.14844674505894223, 0.15195577207111544, 0.14087049047192257, 0.1485017821673424, 0.14088222041966453, 0.13730664617351948, 0.13852841989888298, 0.1389118880033493, 0.1366637571144008, 0.13645680416976252, 0.13387227190598364, 0.13700612460172945, 0.13096314933030836, 0.13359053883581393, 0.13499343305105163, 0.13131466387741028, 0.12636272585199726, 0.12759217097153586, 0.12731602914150683, 0.1255317132379259, 0.1255353216322199, 0.121783769629415, 0.12391633918929484, 0.12513684370224515, 0.11945988784634298, 0.12197342355765643, 0.11959132649034503, 0.11790443022525118, 0.1219239346983452, 0.1162751336852389, 0.12080607959820379, 0.11643061264147682, 0.1183869106424672, 0.11696977661021295, 0.11191168908149965, 0.11220597109246638, 0.11589911465923633, 0.11493717486249103, 0.1115499582562235, 0.11134205240335676, 0.11065038110339834, 0.10763402637695113, 0.10753368641880731, 0.10654575794544671, 0.10980723140340659, 0.10633618054881451, 0.10739578300666425, 0.10688749601643893, 0.11021100950517482, 0.11073157717023165, 0.1004407788596807, 0.10322721518816487, 0.09991898596467029, 0.09975511085001691, 0.09882898947163936, 0.0982499323605049, 0.10292077373953597, 0.09882692201063037, 0.09732706736653082, 0.0957079424612945, 0.09211971773014914, 0.10020566124829554, 0.09337926833259483, 0.09613809055618701, 0.10092876277743809, 0.09656759328959931, 0.09147204841757493, 0.09414029813882324, 0.09359558494461159, 0.0972840289525207, 0.09368919016372773, 0.08711309463626915, 0.09243262715397342, 0.09218754297903468, 0.08677558630945222, 0.08586610045524375, 0.08671115069920497, 0.08848357543108924, 0.08334462242501398, 0.08552919944087344, 0.09544364591279338, 0.08569833027919935, 0.08234880262264802, 0.08522341582143018, 0.08529487065970898, 0.08827029405942848, 0.08210548929749958, 0.0819623832771134, 0.07767282430863669, 0.09393528583008916, 0.08160260830435061, 0.08732589867506776, 0.08218884308852496, 0.08429098297511378, 0.07687624814289232, 0.08016626117751002, 0.07630380489412815, 0.07888874629392259, 0.07874224135171502, 0.07445242194338672, 0.07267908424499535, 0.07173146113693234, 0.07267075668900244, 0.07031425187784818, 0.07106211431504737, 0.06949575011047625, 0.07455828918084022, 0.07840931361481067, 0.06922923447564244, 0.07262773120835904, 0.07493500441553132, 0.06828670735440907, 0.06643873734039164, 0.06480425483952727, 0.06673656602299982, 0.06741860656127814, 0.07253901216561996, 0.06523703893406256, 0.06410514458172745, 0.06325515470797977, 0.06515621939193338, 0.06323300946443793, 0.062343561841595556, 0.061505210000060255, 0.06442759864993634, 0.06057653014337824, 0.06249316980040843, 0.060450107910700386, 0.06021082893975319, 0.05709986810782744, 0.06260741279730873, 0.06206000078048918, 0.054196672694336985, 0.06101168285784943, 0.056547736771585, 0.05987596508836554, 0.06525888218874892, 0.05613964032982626, 0.0559086836874485, 0.056328591500078476, 0.0554096920776271, 0.05405603993623968, 0.05224866636337772, 0.05486026329679355, 0.05173114316928531, 0.05009317557297407, 0.04783209575144874, 0.04958498326220339, 0.046490570710551356, 0.04927412893683199, 0.050556551830302325, 0.05626367574798003, 0.049421478423380086, 0.04880518777926843, 0.05160144739033234, 0.049309640011239435, 0.052599400266884797, 0.043662262107846475, 0.05017681585084046, 0.04488342371393716, 0.04640393929495927, 0.0448810744189447, 0.043934145011007786, 0.04305958530054458, 0.04096161746870606, 0.0451329005882144, 0.04419209214768583, 0.04993500100869325, 0.04493901340831672, 0.04426429739912912, 0.03928143522071262, 0.040376849968226686, 0.04167769819257721, 0.04319288945125957, 0.039543858984665524, 0.040499153562010295, 0.03617171136542193, 0.03766356109671535, 0.03908039329032744, 0.035453062279209975, 0.033792830830920606, 0.03971510417308779, 0.03704167002691857, 0.03631770594285861, 0.035117117522825154, 0.034113662016968575, 0.03280468083797924, 0.03214687606950681, 0.031307260333109765, 0.03076156892723614, 0.03070664431359018, 0.03053852616839351, 0.042487256304030455, 0.0314916699914442, 0.02929621445195329, 0.030836612662120212, 0.029016950693462166, 0.030568094052855047, 0.030367427295254122, 0.030393718907068813, 0.029848229823513858, 0.03010677275878768, 0.02912619830890288, 0.027660789644165386, 0.03170218204538668, 0.0314642280310152, 0.025618876796215773, 0.02562844706699252, 0.027770805525623502, 0.023753749815026117, 0.025326577000199788, 0.025041418698345943, 0.02538128062001159, 0.024415735508345308, 0.027463400743961815, 0.02398379720492108, 0.027445811177453688, 0.02715372115433697, 0.024735457459164244, 0.024212516874315276, 0.02564718019998362, 0.02465679878068547, 0.024043060388536222, 0.02525734617525051, 0.024671895114044027, 0.023039832020238522, 0.02386232171087496], 'test_losses': [0.7285748720169067, 0.2844996452331543, 0.2698058784008026, 0.26931869983673096, 0.29464390873908997, 0.2960542142391205, 0.2956621050834656, 0.30510324239730835, 0.3093714714050293, 0.30866315960884094, 0.3194241523742676, 0.3286217153072357, 0.30545181035995483, 0.31086936593055725, 0.31388789415359497, 0.3270189166069031, 0.32981687784194946, 0.3223598897457123, 0.3353100121021271, 0.33313074707984924, 0.3573457598686218, 0.3491101861000061, 0.3510504961013794, 0.3645709156990051, 0.40370163321495056, 0.38706761598587036, 0.388247549533844, 0.4366737902164459, 0.4157991111278534, 0.39090830087661743], 'train_r2_scores': [0.040824712968309584, 0.6606735482817023, 0.7019478534504519, 0.7457119554089302, 0.7916027504440577, 0.8218250624383365, 0.8415139348999197, 0.8571014228513616, 0.8684781926183042, 0.8776612163892223, 0.8801835941639135, 0.8913912092304471, 0.8991949986584917, 0.9070055252063509, 0.914081437848095, 0.9172254851707835, 0.9236313593502332, 0.929792335391452, 0.9343848889885593, 0.9399137421947215, 0.9421350860167345, 0.948216102570207, 0.9547003729358287, 0.9597369870783415, 0.9530554938173668, 0.9679158063520826, 0.9699811500575714, 0.972153754090671, 0.9757555836016154, 0.9754225884119168], 'test_r2_scores': [0.00977185777257436, 0.6138136404974557, 0.6325117875625341, 0.6322706873678071, 0.5960469111259479, 0.5935979727842329, 0.5941919185151991, 0.5816134015480134, 0.5755663405596078, 0.5762263141377024, 0.5616931224030441, 0.548573673216683, 0.5805928164952008, 0.5735902680579505, 0.5694522838526936, 0.5508173496547116, 0.547824294354696, 0.5587829097700479, 0.5411465626878186, 0.5446839815841735, 0.5118367967901734, 0.5230392906557335, 0.5198189443899939, 0.5008152559651973, 0.4490678884218692, 0.4710460592724722, 0.46924632054632465, 0.4028895455481625, 0.43203260203049276, 0.4668755129893029], 'epochs': 300, 'final_metrics': {'train_mse': 0.020729320577775934, 'test_mse': 0.42458490750402467, 'train_mae': 0.09983968004486402, 'test_mae': 0.4518241645363271, 'train_r2': 0.9792706794222241, 'test_r2': 0.4209250631469228}}"
789,"ExplainableDBPsModel(
  (feature_extractor): PhysicsInformedFeatureExtractor(
    (group_extractors): ModuleDict(
      (environmental): Sequential(
        (0): Linear(in_features=2, out_features=32, bias=True)
        (1): ReLU()
        (2): Dropout(p=0.1, inplace=False)
      )
      (organic_matter): Sequential(
        (0): Linear(in_features=1, out_features=16, bias=True)
        (1): ReLU()
        (2): Dropout(p=0.1, inplace=False)
      )
      (disinfectant): Sequential(
        (0): Linear(in_features=1, out_features=16, bias=True)
        (1): ReLU()
        (2): Dropout(p=0.1, inplace=False)
      )
      (nitrogen_species): Sequential(
        (0): Linear(in_features=2, out_features=32, bias=True)
        (1): ReLU()
        (2): Dropout(p=0.1, inplace=False)
      )
      (halides): Sequential(
        (0): Linear(in_features=1, out_features=16, bias=True)
        (1): ReLU()
        (2): Dropout(p=0.1, inplace=False)
      )
    )
    (chemistry_encoder): Sequential(
      (0): Linear(in_features=3, out_features=16, bias=True)
      (1): ReLU()
      (2): Dropout(p=0.1, inplace=False)
    )
    (interaction_extractor): Sequential(
      (0): Linear(in_features=128, out_features=64, bias=True)
      (1): ReLU()
      (2): Dropout(p=0.2, inplace=False)
      (3): Linear(in_features=64, out_features=32, bias=True)
    )
  )
  (attention): AttentionMechanism(
    (attention): Sequential(
      (0): Linear(in_features=128, out_features=64, bias=True)
      (1): ReLU()
      (2): Linear(in_features=64, out_features=5, bias=True)
      (3): Softmax(dim=1)
    )
  )
  (predictor): DBPsSpecificPredictor(
    (predictors): ModuleList(
      (0-3): 4 x Sequential(
        (0): Linear(in_features=160, out_features=128, bias=True)
        (1): ReLU()
        (2): Dropout(p=0.2, inplace=False)
        (3): Linear(in_features=128, out_features=64, bias=True)
        (4): ReLU()
        (5): Linear(in_features=64, out_features=1, bias=True)
      )
    )
  )
)",0.9650344987457683,0.48383649271270646,0.03496550125423174,0.376574243177657,0.13025401586325808,0.4126727845366003,"[[ 1.0187407   0.44985434  0.77847266  1.2330962 ]
 [ 0.30453748  0.721673    0.5992312   0.24355775]
 [-0.3074236  -0.5908835  -0.46646893 -0.56810904]
 [ 1.0600307   1.3349146   1.270055    1.1489218 ]
 [-0.45889628 -0.424008   -0.42767158 -0.19851154]
 [ 0.54594463  0.02940997  0.30700007  1.323154  ]
 [ 0.38454452  0.61304784  0.51453555  0.5912643 ]
 [-0.67359155 -0.64934766 -0.5836052  -0.90248775]
 [ 0.18295076  0.05624378  0.1397366   0.59689915]
 [ 0.30033803  0.5184152   0.5194122   0.28231308]
 [-0.71899176 -0.71141124 -0.7654833  -0.6988587 ]
 [-0.7446779  -0.75546956 -0.78792965 -0.8808916 ]
 [-0.6163569  -0.6767443  -0.61357194 -0.46867946]
 [ 2.3323183   3.2369108   2.8879824   2.1481652 ]
 [-0.49443325 -0.58887726 -0.52826446 -0.4081125 ]
 [-0.6728505  -0.6088464  -0.67154014 -0.49953863]
 [ 2.4199152  -0.05233999  0.98867613  1.1958097 ]
 [-0.21411763 -0.3767377  -0.25187472  0.07731695]
 [-0.91504484 -0.87657386 -0.9664264  -1.2397503 ]
 [ 0.35894197 -0.33057326  0.01124282 -0.24897054]
 [ 0.8667968   0.9356533   0.9525773   0.7864394 ]
 [ 3.3083344   1.6241888   2.6648195   1.8983734 ]
 [-0.12515438 -0.33610263 -0.2019024   0.22555718]
 [ 2.9621968   2.184887    2.6920242   1.6771238 ]
 [ 1.1713827   1.9565088   1.6973665   1.6756307 ]
 [-0.49582008 -0.50808513 -0.46907973 -0.31619236]
 [ 0.6272809  -0.1238921   0.25849393  0.4916408 ]
 [-0.7718473  -0.7404214  -0.8109005  -0.8564257 ]
 [ 0.7794733   1.481352    1.2197555   1.05261   ]
 [-0.50014985 -0.6223518  -0.5753892  -0.64716864]
 [-0.5530752  -0.5526497  -0.5511549  -0.17769727]
 [ 2.1714482  -0.33349535  0.5339201   0.82439464]
 [-1.0916421  -0.9470376  -1.1034496  -1.6540353 ]
 [-0.46425372 -0.8014331  -0.62021023 -0.52457124]
 [-0.5844052  -0.69124156 -0.6707826  -0.71873736]
 [-0.6709585  -0.6892077  -0.7003415  -0.6988735 ]
 [-0.82697755 -0.79114085 -0.83936614 -1.1253741 ]
 [-0.32829863 -0.5062554  -0.42174447  0.08820003]
 [-0.5956977  -0.5802349  -0.5839134  -0.42177334]
 [-0.03109066 -0.03026128  0.0144053  -0.00506852]
 [-0.54124093 -0.5400926  -0.55097324 -0.29808637]
 [-0.93129236 -0.87441444 -0.9323674  -1.1920232 ]
 [-0.6376782  -0.6852255  -0.7043864  -0.668198  ]
 [-0.08629501  0.18684822  0.15376785 -0.18498279]
 [-0.9656076  -0.8959396  -0.99214166 -1.3703877 ]
 [-0.8162058  -0.73669773 -0.8171492  -0.775507  ]
 [ 0.01684788 -0.01562564  0.26030743 -0.16899239]
 [ 3.279703    1.3918114   2.2698622   0.46837798]
 [-0.5908677  -0.54194957 -0.5520573  -0.2308392 ]
 [ 1.9002047  -0.04549877  0.8057677   1.0493801 ]
 [ 0.15049893  0.49140307  0.38638633  0.34231737]
 [-0.77446145 -0.7638017  -0.81742907 -0.8421432 ]
 [ 0.23464227  0.76620275  0.5837226   0.27470976]]","{'train_losses': [1.0091804265975952, 0.9929953813552856, 0.979044497013092, 0.9633899927139282, 0.9504985809326172, 0.9256218075752258, 0.9053958654403687, 0.8832364678382874, 0.848388671875, 0.815913736820221, 0.7767156958580017, 0.7268852591514587, 0.6769397854804993, 0.6259140372276306, 0.583686113357544, 0.516183614730835, 0.4999043941497803, 0.46803003549575806, 0.43453654646873474, 0.44831764698028564, 0.4327719807624817, 0.4377395808696747, 0.4576595425605774, 0.406196266412735, 0.43033871054649353, 0.42977046966552734, 0.3965616524219513, 0.423646479845047, 0.37422817945480347, 0.3675682842731476, 0.39605778455734253, 0.37476927042007446, 0.3664633631706238, 0.3596799075603485, 0.3909448981285095, 0.37881264090538025, 0.35114341974258423, 0.37170693278312683, 0.3500857949256897, 0.3511272668838501, 0.36705994606018066, 0.32593274116516113, 0.3355846703052521, 0.35259708762168884, 0.31290724873542786, 0.314313143491745, 0.3197556734085083, 0.3262261748313904, 0.3430124819278717, 0.334575355052948, 0.31558242440223694, 0.319669634103775, 0.3208708167076111, 0.29455557465553284, 0.30487725138664246, 0.29155826568603516, 0.28625816106796265, 0.2930670976638794, 0.3351779282093048, 0.302848219871521, 0.2856549322605133, 0.26894357800483704, 0.2865723967552185, 0.2567353844642639, 0.2691954970359802, 0.23659631609916687, 0.28583672642707825, 0.2997560203075409, 0.2645281255245209, 0.23617763817310333, 0.2729516625404358, 0.25749674439430237, 0.22885873913764954, 0.22010496258735657, 0.2381490170955658, 0.22346268594264984, 0.24395015835762024, 0.18523916602134705, 0.19005542993545532, 0.20311196148395538, 0.2134680300951004, 0.19121597707271576, 0.21386893093585968, 0.2204275280237198, 0.20919908583164215, 0.19519983232021332, 0.1825375258922577, 0.21362744271755219, 0.20812201499938965, 0.20833691954612732, 0.16715393960475922, 0.17881622910499573, 0.19497406482696533, 0.1684027761220932, 0.1609499454498291, 0.19275350868701935, 0.17725318670272827, 0.17692436277866364, 0.17605353891849518, 0.1839178502559662, 0.16993682086467743, 0.15988792479038239, 0.17608627676963806, 0.15610171854496002, 0.17444171011447906, 0.1536787450313568, 0.147385835647583, 0.16830898821353912, 0.18127386271953583, 0.16287097334861755, 0.14268848299980164, 0.14433014392852783, 0.1489850878715515, 0.14152058959007263, 0.15587513148784637, 0.15085265040397644, 0.16581545770168304, 0.14942891895771027, 0.14020347595214844, 0.15833868086338043, 0.16460268199443817, 0.1450643241405487, 0.15088045597076416, 0.14050893485546112, 0.14346249401569366, 0.13351377844810486, 0.16125765442848206, 0.1295769363641739, 0.11873842030763626, 0.12394443899393082, 0.13187238574028015, 0.14090383052825928, 0.13424663245677948, 0.13519030809402466, 0.13251377642154694, 0.14945754408836365, 0.13455483317375183, 0.12601542472839355, 0.12609580159187317, 0.12653836607933044, 0.14765003323554993, 0.12732848525047302, 0.11689780652523041, 0.11781711876392365, 0.12545736134052277, 0.13842099905014038, 0.14092108607292175, 0.15180987119674683, 0.12072677165269852, 0.1369609385728836, 0.11768729239702225, 0.11858536303043365, 0.1222342848777771, 0.13817772269248962, 0.12794964015483856, 0.14273236691951752, 0.11863485723733902, 0.10335273295640945, 0.14861099421977997, 0.10951711237430573, 0.13022734224796295, 0.11343234777450562, 0.12289337068796158, 0.12573888897895813, 0.12425115704536438, 0.15207718312740326, 0.12161770462989807, 0.13601192831993103, 0.1245182603597641, 0.1269586682319641, 0.11196145415306091, 0.12082578986883163, 0.1178361251950264, 0.13604259490966797, 0.12773193418979645, 0.12146735191345215, 0.1114625483751297, 0.11309115588665009, 0.10905259102582932, 0.09663047641515732, 0.1087040901184082, 0.13062943518161774, 0.11506582796573639, 0.10233447700738907, 0.10242410749197006, 0.10777688771486282, 0.09836816042661667, 0.10140511393547058, 0.10874468088150024, 0.10561953485012054, 0.10339284688234329, 0.10553087294101715, 0.12660257518291473, 0.11024659126996994, 0.12547717988491058, 0.10968747735023499, 0.10874472558498383, 0.09726359695196152, 0.1050545871257782, 0.10626872628927231, 0.08128224313259125, 0.0950588807463646, 0.09953843802213669, 0.11960325390100479, 0.09387075901031494, 0.1074281856417656, 0.09785769879817963, 0.09883781522512436, 0.08816830813884735, 0.10633458197116852, 0.10109413415193558, 0.10668988525867462, 0.10001159459352493, 0.0759616419672966, 0.09737764298915863, 0.08730120956897736, 0.10076962411403656, 0.07953180372714996, 0.09585809707641602, 0.093491330742836, 0.093790702521801, 0.09121385961771011, 0.07792464643716812, 0.07501614838838577, 0.08337274193763733, 0.09528449177742004, 0.09856944531202316, 0.09462329000234604, 0.0996229350566864, 0.11952409148216248, 0.08252349495887756, 0.07733026146888733, 0.09154117852449417, 0.08657120168209076, 0.08271517604589462, 0.08652909100055695, 0.09985765069723129, 0.09378940612077713, 0.07934697717428207, 0.09275100380182266, 0.08638317137956619, 0.08726233243942261, 0.07155457139015198, 0.0737970843911171, 0.08011341840028763, 0.07056441903114319, 0.09238078445196152, 0.08261459320783615, 0.07437953352928162, 0.07267133891582489, 0.06864547729492188, 0.07763256132602692, 0.1260034143924713, 0.0935901552438736, 0.0782860592007637, 0.08259491622447968, 0.0806867778301239, 0.07652246952056885, 0.08048444241285324, 0.09020484238862991, 0.08579535037279129, 0.0906137079000473, 0.07957872003316879, 0.06608902662992477, 0.0880451574921608, 0.06902890652418137, 0.0951840803027153, 0.0893944501876831, 0.08756352216005325, 0.07864571362733841, 0.07266572117805481, 0.07104288786649704, 0.07019131630659103, 0.08128131181001663, 0.06820052117109299, 0.08285995572805405, 0.07821843773126602, 0.07307270914316177, 0.07260370999574661, 0.06821993738412857, 0.067044697701931, 0.07114403694868088, 0.08383173495531082, 0.07725724577903748, 0.0788840800523758, 0.05901418998837471, 0.06729864329099655, 0.07831442356109619, 0.07026536762714386, 0.0670928806066513, 0.07164443284273148, 0.07205788791179657, 0.07667097449302673, 0.0849107950925827, 0.06553957611322403, 0.05673084780573845, 0.05869923159480095, 0.06284812837839127, 0.0673457458615303, 0.05891592428088188], 'test_losses': [0.7324833273887634, 0.48829182982444763, 0.3097301423549652, 0.24151445925235748, 0.24868515133857727, 0.26727932691574097, 0.2552788555622101, 0.28154563903808594, 0.3143032193183899, 0.3086373805999756, 0.34275704622268677, 0.3272382616996765, 0.34032943844795227, 0.3564684987068176, 0.35395753383636475, 0.3504180908203125, 0.3535080850124359, 0.3405345678329468, 0.3337158262729645, 0.35287436842918396, 0.34607574343681335, 0.3674547076225281, 0.3604716956615448, 0.34932881593704224, 0.37905362248420715, 0.3533756732940674, 0.37210550904273987, 0.3550700843334198, 0.36715763807296753, 0.3558383584022522], 'train_r2_scores': [0.007521962579261299, 0.2799608823821435, 0.5857652916798244, 0.6459198586099186, 0.6718314001259535, 0.7009410955182063, 0.7455423925113023, 0.7937082414935328, 0.8303900426100603, 0.8504812004336308, 0.8638538641467868, 0.8776153169016739, 0.8856113005738514, 0.8936963664678917, 0.8989820995077195, 0.9054325694807199, 0.9113068092632848, 0.9142285478036349, 0.9163961911166985, 0.9228563826269434, 0.9272360434370996, 0.9303305611670479, 0.9375118865491407, 0.9435163805727821, 0.9454726498067403, 0.9511066340242804, 0.9506863277332597, 0.9561438913206927, 0.9598585829333057, 0.9606612975791936], 'test_r2_scores': [0.005705839141506935, 0.340671654912021, 0.5756651500189848, 0.6717806777421647, 0.6602836433256658, 0.6313704781121533, 0.6480492268519137, 0.6113622092079658, 0.5657331262873941, 0.575584615311135, 0.529720647331958, 0.5513010944144496, 0.5341074265407176, 0.5121050210668997, 0.514277004091305, 0.522013851261188, 0.5166592289682954, 0.5335426006101689, 0.5412738767652028, 0.5154682629868812, 0.5233360307998183, 0.49603385845865045, 0.5054468279559319, 0.5205251975073559, 0.4790823435824263, 0.5153462585624567, 0.4899072993693433, 0.5130632417443652, 0.4967250024554143, 0.5114030469642982], 'learning_rates': [0.001, 0.001, 0.001, 0.001, 0.001, 0.001, 0.001, 0.001, 0.001, 0.001, 0.001, 0.001, 0.001, 0.001, 0.001, 0.001, 0.001, 0.001, 0.001, 0.001, 0.001, 0.001, 0.001, 0.001, 0.001, 0.001, 0.001, 0.001, 0.001, 0.001, 0.001, 0.001, 0.001, 0.001, 0.001, 0.001, 0.001, 0.001, 0.001, 0.001, 0.001, 0.001, 0.001, 0.001, 0.001, 0.001, 0.001, 0.001, 0.001, 0.001, 0.001, 0.001, 0.001, 0.001, 0.001, 0.001, 0.001, 0.001, 0.001, 0.001, 0.001, 0.001, 0.001, 0.001, 0.001, 0.001, 0.001, 0.001, 0.001, 0.001, 0.001, 0.001, 0.001, 0.001, 0.001, 0.001, 0.001, 0.001, 0.001, 0.001, 0.001, 0.001, 0.001, 0.001, 0.001, 0.001, 0.001, 0.001, 0.001, 0.001, 0.001, 0.001, 0.001, 0.001, 0.001, 0.001, 0.001, 0.001, 0.001, 0.001, 0.001, 0.001, 0.001, 0.001, 0.001, 0.001, 0.001, 0.001, 0.001, 0.001, 0.001, 0.001, 0.001, 0.001, 0.001, 0.001, 0.001, 0.001, 0.001, 0.001, 0.001, 0.001, 0.001, 0.001, 0.001, 0.001, 0.001, 0.001, 0.001, 0.001, 0.001, 0.001, 0.001, 0.001, 0.001, 0.001, 0.001, 0.001, 0.001, 0.001, 0.001, 0.001, 0.001, 0.001, 0.001, 0.001, 0.001, 0.001, 0.001, 0.001, 0.001, 0.001, 0.001, 0.001, 0.001, 0.001, 0.001, 0.001, 0.001, 0.001, 0.001, 0.001, 0.001, 0.001, 0.001, 0.001, 0.001, 0.001, 0.001, 0.001, 0.001, 0.001, 0.001, 0.001, 0.001, 0.001, 0.001, 0.001, 0.001, 0.001, 0.001, 0.001, 0.001, 0.001, 0.001, 0.001, 0.001, 0.001, 0.001, 0.001, 0.001, 0.001, 0.001, 0.001, 0.001, 0.001, 0.001, 0.001, 0.001, 0.001, 0.001, 0.001, 0.001, 0.001, 0.001, 0.001, 0.001, 0.001, 0.001, 0.001, 0.001, 0.001, 0.001, 0.001, 0.001, 0.001, 0.001, 0.001, 0.001, 0.001, 0.001, 0.001, 0.001, 0.001, 0.001, 0.001, 0.001, 0.001, 0.001, 0.001, 0.001, 0.001, 0.001, 0.001, 0.001, 0.001, 0.001, 0.001, 0.001, 0.001, 0.001, 0.001, 0.001, 0.001, 0.001, 0.001, 0.001, 0.001, 0.001, 0.001, 0.001, 0.001, 0.001, 0.001, 0.001, 0.001, 0.001, 0.001, 0.001, 0.001, 0.001, 0.001, 0.001, 0.001, 0.001, 0.001, 0.001, 0.001, 0.001, 0.001, 0.001, 0.001, 0.001, 0.001, 0.001, 0.001, 0.001, 0.001, 0.001, 0.001, 0.001, 0.001, 0.001, 0.001, 0.001, 0.001, 0.001, 0.001, 0.001, 0.001, 0.001, 0.001, 0.001, 0.001, 0.001, 0.001, 0.001, 0.001, 0.001, 0.001], 'epochs': 300, 'final_metrics': {'train_mse': 0.03496550125423174, 'test_mse': 0.376574243177657, 'train_mae': 0.13025401586325808, 'test_mae': 0.4126727845366003, 'train_r2': 0.9650344987457683, 'test_r2': 0.48383649271270646}}"
789,"MultKAN(
  (act_fun): ModuleList(
    (0-1): 2 x KANLayer(
      (base_fun): SiLU()
    )
  )
  (base_fun): SiLU()
  (symbolic_fun): ModuleList(
    (0-1): 2 x Symbolic_KANLayer()
  )
)",0.6240607036565476,0.5897082825551705,0.3759392963434523,0.30237018396449356,0.43027648848270383,0.403451718701083,"[[ 4.24986929e-01  5.97429037e-01  5.31193733e-01  6.51215792e-01]
 [ 1.67475134e-01  1.56477213e-01  1.61409169e-01  2.72039920e-01]
 [-2.80754417e-01 -3.32343161e-01 -3.26161385e-01 -2.23345757e-01]
 [ 8.65110278e-01  1.18257129e+00  1.06936264e+00  1.07918525e+00]
 [-5.51103055e-02 -1.89676166e-01 -1.38009757e-01 -3.79343629e-02]
 [ 5.14006138e-01  7.41639555e-01  6.56069577e-01  7.74995446e-01]
 [ 3.53301018e-01  4.76375580e-01  4.28549170e-01  5.48378110e-01]
 [-5.87763429e-01 -5.26668847e-01 -5.92449605e-01 -7.28850007e-01]
 [ 1.60975724e-01  1.44493163e-01  1.51752561e-01  2.64266938e-01]
 [ 3.80348921e-01  5.19140422e-01  4.68189389e-01  5.88491857e-01]
 [-5.01963735e-01 -5.36250710e-01 -5.41352749e-01 -5.70314348e-01]
 [-2.03186333e-01 -2.96955377e-01 -2.69469768e-01 -1.60673499e-01]
 [-4.99313951e-01 -5.34203887e-01 -5.39081812e-01 -5.67110419e-01]
 [ 1.15864456e+00  8.36354971e-01  1.04861355e+00  7.51492500e-01]
 [-2.89922744e-01 -3.38538557e-01 -3.33477527e-01 -2.36258030e-01]
 [ 8.14017653e-03 -1.02745563e-01 -5.91633618e-02  4.24444973e-02]
 [ 7.40743339e-01  1.06645811e+00  9.41379189e-01  1.02134728e+00]
 [-2.37948895e-01 -3.12943459e-01 -2.95578778e-01 -1.84955508e-01]
 [-4.97089505e-01 -5.34346819e-01 -5.39275527e-01 -5.62386394e-01]
 [-2.01453567e-01 -2.96529651e-01 -2.68492907e-01 -1.59785330e-01]
 [ 2.79913485e-01  3.45368683e-01  3.23363930e-01  4.41002071e-01]
 [ 1.15712023e+00  8.23993206e-01  1.03951073e+00  7.27994859e-01]
 [-3.22351754e-01 -3.72338325e-01 -3.67578834e-01 -2.80091882e-01]
 [ 1.09766793e+00  9.89877403e-01  1.08181083e+00  7.47287214e-01]
 [ 8.46908450e-01  1.16885841e+00  1.05227280e+00  1.07719159e+00]
 [ 1.27094090e-01  8.70121419e-02  1.03594184e-01  2.12415665e-01]
 [-6.16468489e-02 -1.97710603e-01 -1.45729542e-01 -4.55970168e-02]
 [-5.33406496e-01 -4.69562888e-01 -5.20964324e-01 -6.17410541e-01]
 [ 4.34750259e-01  6.14015460e-01  5.45425713e-01  6.65142894e-01]
 [-4.80463147e-01 -5.38072467e-01 -5.33287883e-01 -5.35791993e-01]
 [-1.98031694e-01 -2.96031445e-01 -2.66321689e-01 -1.58797890e-01]
 [ 9.74300146e-01  1.19208181e+00  1.12717569e+00  1.03522372e+00]
 [-5.75615525e-01 -5.02016366e-01 -5.71661890e-01 -7.02228308e-01]
 [-3.58906895e-01 -4.17475700e-01 -4.09304589e-01 -3.33866447e-01]
 [-4.98165220e-01 -5.38313448e-01 -5.40720582e-01 -5.64260125e-01]
 [-4.69670266e-01 -5.31885624e-01 -5.24277806e-01 -5.18654585e-01]
 [-6.65720582e-01 -7.13616848e-01 -7.54150987e-01 -9.00156796e-01]
 [-4.04836655e-01 -4.72788155e-01 -4.61662233e-01 -4.08939153e-01]
 [-1.82938308e-01 -2.92310774e-01 -2.56897449e-01 -1.49502873e-01]
 [ 2.98650235e-01  3.79627466e-01  3.50570351e-01  4.67649937e-01]
 [-2.98999637e-01 -3.47204059e-01 -3.42562854e-01 -2.47805417e-01]
 [-7.05555916e-01 -8.21416378e-01 -8.42609048e-01 -9.87885356e-01]
 [-4.72780526e-01 -5.33525825e-01 -5.26710153e-01 -5.24030268e-01]
 [-3.52277368e-01 -4.07526702e-01 -4.01937455e-01 -3.24092001e-01]
 [-6.75061107e-01 -7.38522887e-01 -7.75172353e-01 -9.20698345e-01]
 [-5.04294515e-01 -5.31532645e-01 -5.40435493e-01 -5.74221730e-01]
 [ 2.14372575e-01  2.32344657e-01  2.29132757e-01  3.42778444e-01]
 [ 1.11272597e+00  9.27476764e-01  1.05441380e+00  6.80250525e-01]
 [-3.98408145e-01 -4.63788658e-01 -4.54424113e-01 -3.98760706e-01]
 [ 7.61754990e-01  1.09010780e+00  9.64701295e-01  1.03662920e+00]
 [ 1.94734216e-01  2.02053398e-01  2.00037792e-01  3.13716769e-01]
 [-5.38817525e-01 -4.63453382e-01 -5.21944284e-01 -6.29217803e-01]
 [ 8.64267349e-06 -1.14964813e-01 -6.97864294e-02  2.99903750e-02]]",
1024,Linear Regression,0.6647992079146243,0.5033915513207063,0.3352007920853757,0.5809970613423132,0.41136683872195534,0.5317047213144047,,
1024,Ridge Regression,0.6647595709606156,0.5033112995416059,0.33524042903938456,0.5811446794430861,0.41100904728908183,0.5317554728882561,,
1024,Lasso Regression,0.629764345370227,0.5106934146119473,0.37023565462977315,0.5722600609967667,0.42612332005337766,0.5268360375519808,,
1024,Elastic Net,0.6490476437113815,0.5120476318638397,0.3509523562886186,0.5710389837099226,0.4154551861880448,0.5293669982559668,,
1024,Random Forest,0.9444395514728181,0.6408617945991689,0.055560448527181894,0.4211211646771551,0.15207057206126082,0.4323163799870164,,
1024,Extra Trees,1.0,0.6276333129895662,2.2706185711644895e-30,0.4353741774899037,1.0860559804623937e-15,0.4501266775585312,,
1024,Gradient Boosting,0.984238834635077,0.6102455672251462,0.015761165364922947,0.45534760498208227,0.09391208163568904,0.44380187454728964,,
1024,Support Vector Regression,0.7944164415968774,0.591775016331494,0.20558355840312253,0.4793753503117389,0.2785392441925403,0.4651082027296898,,
1024,K-Nearest Neighbors,0.7211274426457959,0.551434081267612,0.27887255735420413,0.5263885717721813,0.34534336771262447,0.5002243818625774,,
1024,Decision Tree,1.0,0.4091383093094428,0.0,0.6992884016106754,0.0,0.5719373827960219,,
1024,TabNet,0.6020193971852962,0.6015408427527977,0.3979806028147039,0.4656475182299801,0.41248657375475656,0.4804551267385535,,
1024,"BaseNeuralNetwork(
  (hidden_1): Linear(in_features=7, out_features=10, bias=True)
  (hidden_2): Linear(in_features=10, out_features=100, bias=True)
  (hidden_3): Linear(in_features=100, out_features=10, bias=True)
  (predict): Linear(in_features=10, out_features=4, bias=True)
)",0.9828503974401994,0.3930092652202775,0.01714960255980066,0.7027900217448775,0.09398423911817402,0.5666407717760701,"[[ 0.05000328  0.82565546  0.46553993  0.52914655]
 [-0.0493722   0.3956272   0.20482099  0.17091781]
 [-0.93441105 -0.83859086 -0.9244515  -0.9519236 ]
 [-0.7095424  -0.5833963  -0.72158265 -0.9091594 ]
 [ 2.610428    1.6648221   2.2586753   1.6686214 ]
 [-0.39176065 -0.4376606  -0.4386855  -0.4221322 ]
 [-1.0519112  -0.47867557 -0.7121567   0.18385243]
 [ 1.0326259   1.5649024   1.2866594   1.0387847 ]
 [-0.5739264  -0.7616111  -0.7172335  -1.0544401 ]
 [-0.49964213 -0.39913777 -0.48188353 -0.49015012]
 [ 0.29004014  0.12518956  0.13726982  0.2642917 ]
 [-0.85981274 -0.2812343  -0.61954856  0.16865128]
 [-0.27616638 -0.6052151  -0.4232967  -0.22849429]
 [ 0.6023495   0.9149296   0.7728748   0.01497744]
 [ 3.9725711   3.1221416   3.7079458   3.0550585 ]
 [ 0.7045562   0.76240253  0.7457754   0.8007081 ]
 [-0.34869176 -0.4049087  -0.3572452  -0.05259042]
 [-0.28511363 -0.48666736 -0.33486     0.17932367]
 [-0.5922687  -0.5322075  -0.6049365  -0.6137473 ]
 [-0.95343614 -0.8898213  -0.9837776  -1.1934363 ]
 [ 1.3315376   1.7546884   1.6200117   2.2565746 ]
 [ 0.16857916  0.03219578  0.09688543  0.4068307 ]
 [-0.08094396 -0.33048305 -0.20266736 -0.07555248]
 [-0.7647221  -0.7976961  -0.81678146 -0.7997289 ]
 [ 0.953081    0.8457098   0.93630797  1.2896229 ]
 [-0.72412217 -0.9476116  -0.89535534 -1.222554  ]
 [-0.5390947  -0.590984   -0.5959764  -0.65649784]
 [ 3.4783473   2.6872249   3.1816158   2.3439255 ]
 [ 0.9524672   1.176465    1.1110778   0.4181773 ]
 [-0.32575005 -0.5438583  -0.41235647 -0.10970076]
 [ 0.13924438 -0.40520182 -0.17481244 -0.5304479 ]
 [ 0.05788164  0.01886655  0.08031912  0.7255336 ]
 [ 2.0203478   3.5887184   2.8875847   3.1176128 ]
 [-0.24836725 -0.40304473 -0.4228397  -0.6333298 ]
 [-0.8999573  -0.91321445 -0.941122   -0.89957607]
 [ 0.3272398   0.74088204  0.55488217  0.69430846]
 [ 0.23029399  0.3132466   0.23544924  0.3548449 ]
 [ 0.59815717  1.1077886   0.82739776  0.7017362 ]
 [-0.4538174  -0.8142191  -0.7557429  -1.5390531 ]
 [ 1.5324861   1.9548804   1.8192751   1.5731416 ]
 [-0.07039283  0.77128744  0.42175525  1.5722474 ]
 [ 0.09422284  0.33203363  0.16599442 -0.37894982]
 [-0.64069915 -0.24651352 -0.397628    0.51449186]
 [-0.8436061  -0.36883202 -0.5473914   0.5026153 ]
 [-0.41143262 -0.18078253 -0.4042821  -0.97769517]
 [-0.44690117 -0.7422792  -0.52294415 -0.23882127]
 [ 3.4730613   0.57716525  2.1645808   0.2310533 ]
 [-0.5544343  -0.6364287  -0.6180498  -0.5595004 ]
 [-0.28447583 -0.40943488 -0.28764665  0.3730534 ]
 [-0.12360597 -0.15816298 -0.18411176 -0.41084874]
 [-0.40792146 -0.81422985 -0.73827434 -1.5802157 ]
 [-1.1314569  -0.61182475 -0.816135    0.06959327]
 [-0.8213062  -0.7143476  -0.7716379  -0.59306484]]","{'train_losses': [1.019743210125354, 0.9488901678592928, 0.8469596255210138, 0.6728991779588884, 0.5108083099607499, 0.4275422610582844, 0.3725865387147473, 0.34830278771058204, 0.3609505545708441, 0.3397962365659975, 0.31190383662619897, 0.3110671072837807, 0.29661772364089567, 0.29010576129921023, 0.2913733560051168, 0.2949394491170683, 0.2862495894153272, 0.2820828250579296, 0.2777290692132327, 0.2610557352102572, 0.26355994648991093, 0.25953120675178304, 0.27438945539536014, 0.25651416254620396, 0.24424341236872057, 0.23965350478406874, 0.23278094131139018, 0.23034659100155677, 0.2320132048860673, 0.22423649957824138, 0.24600125320496097, 0.2338700496381329, 0.22545184327229376, 0.23978215413949183, 0.2182182303419517, 0.2409555783134795, 0.2127352080818626, 0.21289346258967154, 0.2098883893340826, 0.19816230730183662, 0.19650544839039927, 0.19927971001954808, 0.1985989271873428, 0.19862815341161144, 0.18974620993098906, 0.18817049168771313, 0.18512934224019129, 0.2002943392482496, 0.19071348420073908, 0.17669438330396528, 0.17348136248127108, 0.17731404460726247, 0.18231050219506986, 0.1687753708552449, 0.16519514747685002, 0.16717944666743279, 0.1609238250962188, 0.1586947896547856, 0.1579200764216723, 0.1533647610415374, 0.16349236652134888, 0.16081636705465854, 0.15338861050024147, 0.15307446100538777, 0.15394333626834616, 0.14804981312444132, 0.143353367284421, 0.13928153155551803, 0.13951709178546745, 0.14389160834252834, 0.14212793745701352, 0.1313697433159236, 0.1359365892205988, 0.13644303729937923, 0.13057336361417848, 0.13321215689422622, 0.1259391951344667, 0.131849245318482, 0.12118873468810512, 0.13772514961179225, 0.12494452694250692, 0.12007877726348178, 0.12011774950810979, 0.1181077603250742, 0.11414193247835483, 0.11283379372569823, 0.11447723149772614, 0.12330032578639445, 0.12263337666949918, 0.12046505042141484, 0.1113090644921026, 0.10400600917637348, 0.10407998563060837, 0.1012596114718866, 0.10273259092542913, 0.09978607687498292, 0.10962484614743341, 0.09955635827575479, 0.10066905443466478, 0.10733552577514802, 0.09970457359187064, 0.09713235557559997, 0.0927693136036396, 0.09128108055841538, 0.10450239132549013, 0.09198755960190488, 0.09323577618887348, 0.08962983211442348, 0.08677525010200278, 0.09315905858191752, 0.09098070376222173, 0.08863396777380858, 0.08807463817779095, 0.08616647448751234, 0.08045458775614539, 0.0838533201284947, 0.08722364944556067, 0.07954493693767055, 0.07702784657838845, 0.08021385354861137, 0.07397914773994876, 0.07227687805049843, 0.07751880153532952, 0.0739331978763784, 0.07274832285099453, 0.07848465460683068, 0.07270514445319291, 0.07456257308442746, 0.0807164522008069, 0.07010992667487552, 0.07002696563159266, 0.06763578068104482, 0.07235661215118823, 0.07654127785034719, 0.07065139242237614, 0.06511655122402214, 0.0641494044853795, 0.06270874510969847, 0.0663163622300471, 0.06773453779638774, 0.06277787369946318, 0.06590096652507782, 0.061036405213657885, 0.0570248918788087, 0.0582897225394845, 0.056457713937326785, 0.06084147357051411, 0.058275114835029646, 0.05754663422703743, 0.05668147973295662, 0.06097140271336802, 0.056461799409120314, 0.05918433628375492, 0.060047057171862935, 0.06002455463092173, 0.0579824733938421, 0.05627954414775295, 0.05223481287999499, 0.053468074439273726, 0.05332176645676936, 0.05201524243720116, 0.050426774478006746, 0.051626361425845854, 0.047434174110211676, 0.05008522529275187, 0.04897329703934731, 0.04925136241100488, 0.05677478179155338, 0.0528488936683824, 0.05001366000261999, 0.04915583123182578, 0.05087046515602138, 0.04479559814377177, 0.046097226320735867, 0.04617295753691466, 0.04381531877292981, 0.04519525505301933, 0.04838698498544193, 0.050899189408688296, 0.04390498147075696, 0.04449864344731454, 0.04653581674961794, 0.04705218685370299, 0.045994315431603504, 0.042421238256558295, 0.03927582757727754, 0.041449443617415045, 0.03777598986221898, 0.04066613556877259, 0.03881322907944841, 0.04113064228647178, 0.04047068101804583, 0.04150199209670386, 0.05146177740947854, 0.052389163073272474, 0.040834388064761314, 0.041526679159893144, 0.043446828701323076, 0.044224328992347565, 0.03554101913206039, 0.03953192443136246, 0.046962021219153556, 0.04640629152286677, 0.059346087367063566, 0.040878899185167204, 0.03595363583055235, 0.03910430334508419, 0.0354940542170117, 0.03762643105320392, 0.040113110966499776, 0.04213578486815095, 0.03777507656524258, 0.033912078770358234, 0.032846856914881255, 0.03483307774689409, 0.040002994915290226, 0.05048461904328677, 0.03655828745855439, 0.033349267837982026, 0.03514323137219875, 0.033376737122213646, 0.031995374348855785, 0.029362606590673808, 0.030329382723017086, 0.032291978507513, 0.032943913112244295, 0.03366058572165428, 0.03729523876081071, 0.03237214993925825, 0.03759066090588608, 0.032729508986155835, 0.028919150256702015, 0.02826528118983392, 0.02711257879291811, 0.028664148022090236, 0.027216246276493033, 0.028283741013447362, 0.028545865819098487, 0.0303859707689093, 0.0321941482383878, 0.02791797356199353, 0.02630065739034645, 0.027568762701365254, 0.03163555082714846, 0.034682567201314435, 0.027094398264683062, 0.026206147120965105, 0.025900200775433934, 0.025371685038290678, 0.028723488156233105, 0.03261746087622258, 0.03181802995142437, 0.0353675032515199, 0.027723086457098683, 0.02620196288391467, 0.030766212501593174, 0.02649920074749858, 0.027461355071394675, 0.026259739868222706, 0.026265829426026153, 0.025994970192832333, 0.02415652507014813, 0.0233372870847703, 0.027624795573853677, 0.02368024617974316, 0.023066563306436423, 0.025204145589903477, 0.04515125289288981, 0.058436074399299195, 0.034508522284487565, 0.02965536650510565, 0.025875583080755125, 0.02713508919001587, 0.024504046504115386, 0.026511014288952275, 0.031010074255567406, 0.029455062963308826, 0.02684843666370838, 0.02478047999583425, 0.023135356349690307, 0.02003464685572732, 0.02007158992872123, 0.018923114444459637, 0.02084149307601394, 0.020528232318259055, 0.021606444861860044, 0.020889087520059076, 0.02292080587076564, 0.021958914480262225, 0.01918859168466541, 0.0193906205916597, 0.020442239294249202, 0.020285434022005045, 0.019460420702554045, 0.02074449290070803, 0.02278003753012707, 0.0200189778190707, 0.020182986112852252, 0.019745204056943615, 0.020675077471100995], 'test_losses': [1.1739436388015747, 0.5405006408691406, 0.4845077097415924, 0.4592784643173218, 0.44932132959365845, 0.4424711763858795, 0.4408048689365387, 0.4296378791332245, 0.42163047194480896, 0.42081764340400696, 0.42301902174949646, 0.41548654437065125, 0.4372124969959259, 0.46582916378974915, 0.47449991106987, 0.4967816174030304, 0.5162466764450073, 0.5475287437438965, 0.5579628348350525, 0.5747358798980713, 0.5807483792304993, 0.5943458676338196, 0.6437035202980042, 0.637432336807251, 0.6950103640556335, 0.6833148002624512, 0.6991938352584839, 0.6810324192047119, 0.6935352087020874, 0.70441734790802], 'train_r2_scores': [0.023680437987101316, 0.6981635811216192, 0.7500673352214312, 0.7829797803501845, 0.8131038781704578, 0.8372019097644634, 0.8531435390643513, 0.8728181138605553, 0.8879543674826581, 0.8987611177628398, 0.9120188758100796, 0.9132203984223631, 0.9307727839794651, 0.9364242540874427, 0.9436627265398785, 0.9482077392061662, 0.9482949138270074, 0.9571824056344491, 0.9554524091746368, 0.963009272140388, 0.9610702936821676, 0.9607147900770684, 0.970186437376446, 0.9709050512839575, 0.9703810308364964, 0.9620254606849561, 0.9770591117344799, 0.9764272343551401, 0.9814205600996658, 0.9807750964275974], 'test_r2_scores': [-0.0012916194647020207, 0.5388838310290435, 0.5875395248114332, 0.6089516748084156, 0.6170513859183817, 0.6227839220723757, 0.6240797989128513, 0.6332234441735087, 0.639832170729906, 0.6398154084895857, 0.6372425438651499, 0.6438671331559341, 0.6241759470996303, 0.5984464311030306, 0.5905016029194783, 0.5709831088784767, 0.5546123670787121, 0.5262000434255618, 0.5176326508538576, 0.5031295235364337, 0.4976699838150314, 0.48499017288574053, 0.44125495424108935, 0.44739382908151387, 0.39803914508969984, 0.40864785445965596, 0.39442758213054296, 0.4110854689667285, 0.39970723047463425, 0.3913585735757332], 'epochs': 300, 'final_metrics': {'train_mse': 0.01714960255980066, 'test_mse': 0.7027900217448775, 'train_mae': 0.09398423911817402, 'test_mae': 0.5666407717760701, 'train_r2': 0.9828503974401994, 'test_r2': 0.3930092652202775}}"
1024,"ExplainableDBPsModel(
  (feature_extractor): PhysicsInformedFeatureExtractor(
    (group_extractors): ModuleDict(
      (environmental): Sequential(
        (0): Linear(in_features=2, out_features=32, bias=True)
        (1): ReLU()
        (2): Dropout(p=0.1, inplace=False)
      )
      (organic_matter): Sequential(
        (0): Linear(in_features=1, out_features=16, bias=True)
        (1): ReLU()
        (2): Dropout(p=0.1, inplace=False)
      )
      (disinfectant): Sequential(
        (0): Linear(in_features=1, out_features=16, bias=True)
        (1): ReLU()
        (2): Dropout(p=0.1, inplace=False)
      )
      (nitrogen_species): Sequential(
        (0): Linear(in_features=2, out_features=32, bias=True)
        (1): ReLU()
        (2): Dropout(p=0.1, inplace=False)
      )
      (halides): Sequential(
        (0): Linear(in_features=1, out_features=16, bias=True)
        (1): ReLU()
        (2): Dropout(p=0.1, inplace=False)
      )
    )
    (chemistry_encoder): Sequential(
      (0): Linear(in_features=3, out_features=16, bias=True)
      (1): ReLU()
      (2): Dropout(p=0.1, inplace=False)
    )
    (interaction_extractor): Sequential(
      (0): Linear(in_features=128, out_features=64, bias=True)
      (1): ReLU()
      (2): Dropout(p=0.2, inplace=False)
      (3): Linear(in_features=64, out_features=32, bias=True)
    )
  )
  (attention): AttentionMechanism(
    (attention): Sequential(
      (0): Linear(in_features=128, out_features=64, bias=True)
      (1): ReLU()
      (2): Linear(in_features=64, out_features=5, bias=True)
      (3): Softmax(dim=1)
    )
  )
  (predictor): DBPsSpecificPredictor(
    (predictors): ModuleList(
      (0-3): 4 x Sequential(
        (0): Linear(in_features=160, out_features=128, bias=True)
        (1): ReLU()
        (2): Dropout(p=0.2, inplace=False)
        (3): Linear(in_features=128, out_features=64, bias=True)
        (4): ReLU()
        (5): Linear(in_features=64, out_features=1, bias=True)
      )
    )
  )
)",0.9546795942545142,0.6906430693296285,0.04532040574548576,0.360582072409346,0.14723773453050976,0.4069206666791907,"[[ 0.8009165   1.5332606   1.2699683   1.0683141 ]
 [ 0.6077887   1.4294248   1.033464    0.73447984]
 [-0.84792334 -0.7754443  -0.76083696 -0.814308  ]
 [-0.71871626 -0.6304104  -0.6646833  -0.665779  ]
 [ 1.6358198   1.4187477   1.5649092   1.6921643 ]
 [-0.30549842 -0.47653496 -0.4411674  -0.3659079 ]
 [-0.09326409 -0.35875142 -0.20863418  0.9156269 ]
 [ 1.0555407   1.2011662   1.1223134   0.8258795 ]
 [-0.5396734  -0.6165787  -0.5830787  -0.67809254]
 [-0.5333216  -0.63325226 -0.55751693 -0.6606721 ]
 [-0.16971718 -0.13558397 -0.12010404  0.26521766]
 [-0.3787947  -0.42752486 -0.22566737  0.21432817]
 [-0.6059693  -0.65352243 -0.589039   -0.32919654]
 [ 0.30116704  0.0828667   0.17340635 -0.35779193]
 [ 2.9394872   1.3116794   2.255527    1.4542204 ]
 [ 1.4453386  -0.07450262  0.605452   -0.16249779]
 [-0.32894245 -0.23172075 -0.2439801  -0.05572633]
 [-0.5922694  -0.5923702  -0.5639778  -0.3848889 ]
 [-0.8607647  -0.6941797  -0.7577742  -0.8392821 ]
 [-0.94478667 -0.8283572  -0.9397891  -1.1202463 ]
 [ 1.1372681   1.1948895   1.2672753   2.2106762 ]
 [-0.2742488  -0.33197656 -0.33598    -0.09722648]
 [-0.39158684 -0.3345468  -0.40469712 -0.21008798]
 [-0.25642172 -0.3885802  -0.22414522  0.09793274]
 [ 0.9335207   0.4108453   0.8235136   1.2708787 ]
 [-0.62546015 -0.67988724 -0.6580884  -0.86431736]
 [-0.6717112  -0.69337577 -0.6702958  -0.7213672 ]
 [ 1.9971796   0.5169968   1.2649205   0.6372518 ]
 [ 0.62721694  0.7262507   0.7105927   0.17984492]
 [-0.5654371  -0.66133    -0.5941301  -0.42505807]
 [-0.21392387 -0.43883398 -0.3894381  -0.4471095 ]
 [ 0.19002247  0.01949882  0.2019235   0.899919  ]
 [ 0.62960064  1.1457207   1.0036085   1.0184801 ]
 [-0.37910637 -0.32177126 -0.33953232 -0.19647184]
 [-0.62014997 -0.59659356 -0.538631   -0.5277583 ]
 [ 1.0276768   1.7925153   1.3895183   1.3050718 ]
 [ 0.02524947  0.14995904  0.0544068  -0.06329911]
 [-0.05552215  0.03459355 -0.0737828  -0.03536987]
 [-0.91335714 -0.8339553  -0.9523301  -1.2773136 ]
 [ 2.3677142   2.234868    2.4816394   1.774535  ]
 [ 0.79848886  1.4063256   1.2167162   1.9032935 ]
 [ 0.36175194  0.5356067   0.3999809  -0.21363688]
 [ 0.3609716  -0.12375861  0.15954699  1.1683028 ]
 [-0.38318834 -0.48585647 -0.32982183  0.12593335]
 [-0.3424265  -0.43787414 -0.3698097  -0.20449013]
 [-0.7744907  -0.83405167 -0.818414   -1.0366852 ]
 [ 1.1058855   0.79213625  0.9961726   0.5668173 ]
 [-0.77136755 -0.73628074 -0.70384777 -0.6361732 ]
 [-0.21651661 -0.40026808 -0.22511177  0.19185004]
 [-0.7875353  -0.46631628 -0.6409446  -0.6019402 ]
 [-0.87410736 -0.8028251  -0.9130461  -1.2372773 ]
 [-0.545709   -0.61420184 -0.578739   -0.13252449]
 [-0.7108959  -0.7382457  -0.67306393 -0.5771637 ]]","{'train_losses': [1.0093607902526855, 0.9952988624572754, 0.980463445186615, 0.9663653373718262, 0.9514464735984802, 0.9329618215560913, 0.9130393862724304, 0.8834332823753357, 0.8654154539108276, 0.8244069814682007, 0.7964197993278503, 0.7408356070518494, 0.7195913195610046, 0.6530434489250183, 0.625564455986023, 0.55647873878479, 0.5532987713813782, 0.4827933609485626, 0.4743436276912689, 0.47461679577827454, 0.4968886971473694, 0.4706825017929077, 0.4225313067436218, 0.4173547625541687, 0.39939993619918823, 0.3643432855606079, 0.4096057415008545, 0.37930676341056824, 0.3851773142814636, 0.367857426404953, 0.40206554532051086, 0.34908372163772583, 0.3631008267402649, 0.35380062460899353, 0.3761497139930725, 0.37128621339797974, 0.3447263836860657, 0.328512579202652, 0.35154712200164795, 0.32385629415512085, 0.31332850456237793, 0.3370698094367981, 0.3183164596557617, 0.3095967173576355, 0.3066205680370331, 0.2899985611438751, 0.3204362094402313, 0.3138881325721741, 0.3154241144657135, 0.30047085881233215, 0.28799206018447876, 0.312067449092865, 0.31038782000541687, 0.2660634219646454, 0.3029039204120636, 0.3114742636680603, 0.3065458834171295, 0.26461878418922424, 0.27641376852989197, 0.26629266142845154, 0.2712903320789337, 0.28925034403800964, 0.2977611720561981, 0.2847693860530853, 0.29043975472450256, 0.2608225345611572, 0.25779980421066284, 0.27661988139152527, 0.25077348947525024, 0.2699682414531708, 0.2825246751308441, 0.298940509557724, 0.2461375892162323, 0.2433798611164093, 0.23690873384475708, 0.27698227763175964, 0.2487684041261673, 0.22544634342193604, 0.21459898352622986, 0.24692586064338684, 0.23406581580638885, 0.21836908161640167, 0.2305242270231247, 0.2593165338039398, 0.23088467121124268, 0.22548040747642517, 0.23907160758972168, 0.21561352908611298, 0.22349724173545837, 0.2220841497182846, 0.23319925367832184, 0.23752540349960327, 0.20578452944755554, 0.18815204501152039, 0.2546921670436859, 0.22106684744358063, 0.22149454057216644, 0.2063017189502716, 0.1932401955127716, 0.22258727252483368, 0.19802340865135193, 0.19504790008068085, 0.21836455166339874, 0.2147092968225479, 0.18664634227752686, 0.18389557301998138, 0.20970462262630463, 0.1857985407114029, 0.1730668842792511, 0.20683543384075165, 0.18227936327457428, 0.19310209155082703, 0.16656680405139923, 0.1923815906047821, 0.17243453860282898, 0.18463468551635742, 0.16324107348918915, 0.1727367639541626, 0.18625113368034363, 0.1759088635444641, 0.17541560530662537, 0.1767989546060562, 0.20492592453956604, 0.19793476164340973, 0.1727319359779358, 0.17214295268058777, 0.18372665345668793, 0.16409417986869812, 0.1662776619195938, 0.1557140350341797, 0.1495364010334015, 0.17544575035572052, 0.14077770709991455, 0.17784884572029114, 0.14800211787223816, 0.15062890946865082, 0.16522789001464844, 0.16395270824432373, 0.16180022060871124, 0.14932449162006378, 0.14916880428791046, 0.14859488606452942, 0.16671311855316162, 0.14071480929851532, 0.15093813836574554, 0.14969156682491302, 0.15022669732570648, 0.12780991196632385, 0.17198698222637177, 0.13969150185585022, 0.14279696345329285, 0.1350329965353012, 0.16477075219154358, 0.13731640577316284, 0.14153063297271729, 0.16180554032325745, 0.15760715305805206, 0.13734139502048492, 0.13864652812480927, 0.14386603236198425, 0.12794561684131622, 0.13768325746059418, 0.13211864233016968, 0.15181484818458557, 0.1431693434715271, 0.1482943892478943, 0.1414622962474823, 0.13089507818222046, 0.12183418869972229, 0.13858288526535034, 0.13550874590873718, 0.12086369097232819, 0.12571530044078827, 0.12774327397346497, 0.11618959158658981, 0.13985729217529297, 0.13781355321407318, 0.12604400515556335, 0.12334279716014862, 0.11847160011529922, 0.1129993200302124, 0.11554369330406189, 0.14239761233329773, 0.11327333748340607, 0.13522887229919434, 0.1397496908903122, 0.12166228890419006, 0.13634741306304932, 0.1451238989830017, 0.1293473094701767, 0.1281833052635193, 0.1404343545436859, 0.10738827288150787, 0.12858109176158905, 0.1296747624874115, 0.11848068237304688, 0.10962720960378647, 0.1393374651670456, 0.11584098637104034, 0.11561107635498047, 0.11102204769849777, 0.11726737022399902, 0.15270091593265533, 0.11290803551673889, 0.09875110536813736, 0.10839653760194778, 0.10226371139287949, 0.11567245423793793, 0.1262034922838211, 0.1171422079205513, 0.09839929640293121, 0.1057027131319046, 0.09968121349811554, 0.10971177369356155, 0.13517309725284576, 0.11895766109228134, 0.1069079339504242, 0.10963873565196991, 0.11755843460559845, 0.12314190715551376, 0.11958266794681549, 0.10632795095443726, 0.10503681749105453, 0.12654761970043182, 0.09750330448150635, 0.09395480155944824, 0.11667858809232712, 0.12601801753044128, 0.1299559623003006, 0.101007841527462, 0.12406753748655319, 0.09792036563158035, 0.09881877154111862, 0.09276311844587326, 0.11167102307081223, 0.1150246411561966, 0.09116379916667938, 0.11092796921730042, 0.09735265374183655, 0.10102151334285736, 0.10902892798185349, 0.10443614423274994, 0.10380861908197403, 0.09135666489601135, 0.09437574446201324, 0.10455749183893204, 0.09876064956188202, 0.1077759712934494, 0.09157580137252808, 0.10442570596933365, 0.10448135435581207, 0.08722258359193802, 0.08705019950866699, 0.11031779646873474, 0.10535921156406403, 0.0954623743891716, 0.08260074257850647, 0.08441819250583649, 0.10199154168367386, 0.10672301054000854, 0.08866167068481445, 0.0721236914396286, 0.0998459905385971, 0.09240885078907013, 0.09032280743122101, 0.09018541127443314, 0.09639828652143478, 0.10074782371520996, 0.10316354781389236, 0.09957592189311981, 0.09623350948095322, 0.10151845216751099, 0.09409098327159882, 0.07989456504583359, 0.09200029075145721, 0.10262162983417511, 0.10298356413841248, 0.10119126737117767, 0.0778602808713913, 0.0987199991941452, 0.09196499735116959, 0.08311527967453003, 0.09453627467155457, 0.08747491240501404, 0.09079494327306747, 0.08770962059497833, 0.09040491282939911, 0.06565184146165848, 0.09200350195169449, 0.08037422597408295, 0.08812012523412704, 0.11521967500448227, 0.08720774203538895, 0.09732184559106827, 0.08249981701374054, 0.09184709936380386, 0.07127971202135086, 0.09316898882389069, 0.07989171147346497, 0.06381767243146896], 'test_losses': [1.1743862628936768, 0.9602504372596741, 0.7647616863250732, 0.5787559151649475, 0.532684862613678, 0.5146443843841553, 0.4837389588356018, 0.446248859167099, 0.40092727541923523, 0.3699505627155304, 0.3471956253051758, 0.3389894664287567, 0.32287612557411194, 0.3305826485157013, 0.35305461287498474, 0.34336233139038086, 0.3575378954410553, 0.3585003912448883, 0.373611181974411, 0.35430771112442017, 0.36803004145622253, 0.3733970522880554, 0.38270604610443115, 0.3678865432739258, 0.37470483779907227, 0.4091874659061432, 0.36610937118530273, 0.3760566711425781, 0.38107407093048096, 0.35356196761131287], 'train_r2_scores': [0.005903791487339299, 0.26538152331095655, 0.5836010139298611, 0.6775728561656895, 0.7141607443595425, 0.7308367371859863, 0.7496185139786352, 0.7718982565913193, 0.795965519472596, 0.8172392343650219, 0.8357387737787425, 0.8489282400615623, 0.8622198968800151, 0.8731871465390085, 0.8828056719620501, 0.8933423148070484, 0.8996570069928008, 0.9028789348312312, 0.9067737207479103, 0.9141260478022484, 0.9225702686615008, 0.9237568098162707, 0.9307025868115151, 0.9329348746352629, 0.9370251394373097, 0.9357340657976048, 0.9427639342404617, 0.9466856370245614, 0.9463836567590207, 0.9464061983852883], 'test_r2_scores': [-0.0012010761912528978, 0.18184322330837663, 0.3484485926958657, 0.5068993333164693, 0.545334751481082, 0.5613919660718941, 0.58757340908864, 0.6197481345033626, 0.658450497922749, 0.6842669184427383, 0.7037626059715262, 0.7104700895935305, 0.7241310886591408, 0.7171056163870864, 0.698376674564728, 0.7064442763305574, 0.6942059957495049, 0.6936343530230769, 0.681125972466066, 0.6968142394716532, 0.6848791165251258, 0.6806615718072735, 0.6727520417236237, 0.6854488252770439, 0.6797093527381308, 0.6503217343648882, 0.6869488978030496, 0.6783232448911163, 0.6738070167731756, 0.6966123819357728], 'learning_rates': [0.001, 0.001, 0.001, 0.001, 0.001, 0.001, 0.001, 0.001, 0.001, 0.001, 0.001, 0.001, 0.001, 0.001, 0.001, 0.001, 0.001, 0.001, 0.001, 0.001, 0.001, 0.001, 0.001, 0.001, 0.001, 0.001, 0.001, 0.001, 0.001, 0.001, 0.001, 0.001, 0.001, 0.001, 0.001, 0.001, 0.001, 0.001, 0.001, 0.001, 0.001, 0.001, 0.001, 0.001, 0.001, 0.001, 0.001, 0.001, 0.001, 0.001, 0.001, 0.001, 0.001, 0.001, 0.001, 0.001, 0.001, 0.001, 0.001, 0.001, 0.001, 0.001, 0.001, 0.001, 0.001, 0.001, 0.001, 0.001, 0.001, 0.001, 0.001, 0.001, 0.001, 0.001, 0.001, 0.001, 0.001, 0.001, 0.001, 0.001, 0.001, 0.001, 0.001, 0.001, 0.001, 0.001, 0.001, 0.001, 0.001, 0.001, 0.001, 0.001, 0.001, 0.001, 0.001, 0.001, 0.001, 0.001, 0.001, 0.001, 0.001, 0.001, 0.001, 0.001, 0.001, 0.001, 0.001, 0.001, 0.001, 0.001, 0.001, 0.001, 0.001, 0.001, 0.001, 0.001, 0.001, 0.001, 0.001, 0.001, 0.001, 0.001, 0.001, 0.001, 0.001, 0.001, 0.001, 0.001, 0.001, 0.001, 0.001, 0.001, 0.001, 0.001, 0.001, 0.001, 0.001, 0.001, 0.001, 0.001, 0.001, 0.001, 0.001, 0.001, 0.001, 0.001, 0.001, 0.001, 0.001, 0.001, 0.001, 0.001, 0.001, 0.001, 0.001, 0.001, 0.001, 0.001, 0.001, 0.001, 0.001, 0.001, 0.001, 0.001, 0.001, 0.001, 0.001, 0.001, 0.001, 0.001, 0.001, 0.001, 0.001, 0.001, 0.001, 0.001, 0.001, 0.001, 0.001, 0.001, 0.001, 0.001, 0.001, 0.001, 0.001, 0.001, 0.001, 0.001, 0.001, 0.001, 0.001, 0.001, 0.001, 0.001, 0.001, 0.001, 0.001, 0.001, 0.001, 0.001, 0.001, 0.001, 0.001, 0.001, 0.001, 0.001, 0.001, 0.001, 0.001, 0.001, 0.001, 0.001, 0.001, 0.001, 0.001, 0.001, 0.001, 0.001, 0.001, 0.001, 0.001, 0.001, 0.001, 0.001, 0.001, 0.001, 0.001, 0.001, 0.001, 0.001, 0.001, 0.001, 0.001, 0.001, 0.001, 0.001, 0.001, 0.001, 0.001, 0.001, 0.001, 0.001, 0.001, 0.001, 0.001, 0.001, 0.001, 0.001, 0.001, 0.001, 0.001, 0.001, 0.001, 0.001, 0.001, 0.001, 0.001, 0.001, 0.001, 0.001, 0.001, 0.001, 0.001, 0.001, 0.001, 0.001, 0.001, 0.001, 0.001, 0.001, 0.001, 0.001, 0.001, 0.001, 0.001, 0.001, 0.001, 0.001, 0.001, 0.001, 0.001, 0.001, 0.001, 0.001, 0.001, 0.001, 0.001, 0.001, 0.001, 0.001, 0.001, 0.001, 0.001, 0.001, 0.001, 0.001, 0.001, 0.001, 0.001, 0.001], 'epochs': 300, 'final_metrics': {'train_mse': 0.04532040574548576, 'test_mse': 0.360582072409346, 'train_mae': 0.14723773453050976, 'test_mae': 0.4069206666791907, 'train_r2': 0.9546795942545142, 'test_r2': 0.6906430693296285}}"
1024,"MultKAN(
  (act_fun): ModuleList(
    (0-1): 2 x KANLayer(
      (base_fun): SiLU()
    )
  )
  (base_fun): SiLU()
  (symbolic_fun): ModuleList(
    (0-1): 2 x Symbolic_KANLayer()
  )
)",0.6369409127331667,0.5184258543960109,0.36305908726683345,0.5668261987793486,0.4414465064037757,0.5295199414017063,"[[ 1.0635232   0.9488455   1.0034707   0.8136015 ]
 [ 0.74743164  0.76238656  0.7489431   0.640373  ]
 [-0.7503785  -0.7186546  -0.81493515 -0.8961706 ]
 [-0.37176967 -0.42101118 -0.44575563 -0.406427  ]
 [ 1.0991237   0.9857045   1.0394886   0.84390837]
 [-0.23776726 -0.3373432  -0.3209142  -0.08130839]
 [ 0.23431669  0.35787448  0.27690047  0.34273463]
 [ 1.0530059   0.9679128   1.0060296   0.81464994]
 [-0.15003736 -0.20755076 -0.2094107   0.0026008 ]
 [-0.38252866 -0.53284776 -0.49848568 -0.27592075]
 [ 0.02333098  0.05061053  0.01164227  0.15774651]
 [-0.38226748 -0.53663564 -0.4995634  -0.26463804]
 [-0.36615753 -0.4891013  -0.4702849  -0.30391753]
 [-0.34447926 -0.49090353 -0.4551117  -0.19701222]
 [ 1.0964543   0.97742385  1.0344416   0.84146696]
 [ 1.098995    0.9807612   1.0373577   0.84338367]
 [-0.08732407 -0.11418293 -0.12948656  0.05889244]
 [-0.3648705  -0.42241368 -0.44175202 -0.3884192 ]
 [-0.7852764  -0.75473243 -0.8530625  -0.92757916]
 [-0.49990237 -0.49418402 -0.5583729  -0.6134627 ]
 [ 1.095219    0.97689795  1.0334935   0.8345665 ]
 [-0.35934478 -0.46627516 -0.45631197 -0.31869042]
 [-0.16481248 -0.22913882 -0.22803017 -0.00992366]
 [-0.36651546 -0.4897832  -0.47065532 -0.2992108 ]
 [ 0.4865398   0.68055946  0.5723255   0.5374934 ]
 [-0.39491338 -0.4262237  -0.46258005 -0.4548176 ]
 [-0.35555384 -0.4407781  -0.44330263 -0.34407791]
 [ 0.9373101   0.9039416   0.91398275  0.75431323]
 [ 0.6164438   0.7436215   0.67239445  0.594929  ]
 [-0.36652797 -0.48997828 -0.47089788 -0.30249768]
 [ 0.21938682  0.33671227  0.25852153  0.32812223]
 [ 0.09463447  0.15563518  0.10165019  0.2230896 ]
 [ 1.0065981   0.9070649   0.9535093   0.77944696]
 [-0.17565924 -0.2460386  -0.2422271  -0.02158341]
 [-0.40585282 -0.43136436 -0.47190535 -0.4739003 ]
 [ 0.6517114   0.7442697   0.6909431   0.6048513 ]
 [ 0.72557276  0.75587904  0.7345471   0.63162595]
 [-0.04638646 -0.05330297 -0.07766721  0.10194762]
 [-0.42795205 -0.44320434 -0.49108893 -0.5039543 ]
 [ 1.099892    0.98386395  1.0391364   0.8388215 ]
 [ 0.6772414   0.7462986   0.7051212   0.61265343]
 [-0.3828225  -0.5361766  -0.49993086 -0.26711783]
 [ 0.59887964  0.7429379   0.6628444   0.59158915]
 [-0.37341145 -0.507084   -0.48217994 -0.29156557]
 [-0.38270476 -0.5365833  -0.49978855 -0.26646787]
 [ 0.2544562   0.38659948  0.30202475  0.35897735]
 [ 0.9063419   0.84117436  0.86938834  0.7240657 ]
 [-0.37928566 -0.42167878 -0.4507442  -0.4244529 ]
 [-0.3725044  -0.5053898  -0.48081863 -0.29736418]
 [-0.35756263 -0.4291976  -0.44000277 -0.3636738 ]
 [-0.5808244  -0.56039274 -0.6384008  -0.7113177 ]
 [-0.3070707  -0.43819135 -0.40849698 -0.15220469]
 [-0.36812004 -0.42145306 -0.44339922 -0.39852473]]",
