Seed,Model,Train R²,Test R²,Train MSE,Test MSE,Train MAE,Test MAE,Predictions,Training_History
42,Linear Regression,0.613853571638926,-0.0294708174637754,0.386146428361074,0.7348678314804981,0.48890437031128575,0.6911076439128545,,
42,Ridge Regression,0.61312648023333,0.004730984462804666,0.38687351976667,0.7064800447057642,0.4873026572961566,0.6772694362984174,,
42,Lasso Regression,0.5253151829690189,0.045410290735819814,0.474684817030981,0.6509097230168536,0.5138781643641102,0.6171448690215644,,
42,Elastic Net,0.5752646401660851,0.08555942309406517,0.42473535983391475,0.629394733413211,0.49324284384064027,0.6217725001147703,,
42,Random Forest,0.9140439413266007,0.23378329554088756,0.0859560586733993,0.566943805879906,0.20642291891941533,0.5094487333225973,,
42,Extra Trees,1.0,0.23308026597298576,2.0145740758040785e-30,0.5515235375329467,9.593105672756546e-16,0.49010522892738645,,
42,Gradient Boosting,0.9996077514852754,0.19638733002794334,0.000392248514724563,0.582923690624198,0.01506580267288391,0.46442488284115707,,
42,Support Vector Regression,0.798321197733591,0.3935724626406149,0.20167880226640902,0.45146649962164326,0.26469633244244395,0.43626915387854376,,
42,K-Nearest Neighbors,0.6310368136000408,0.18526089242853744,0.3689631863999593,0.5541863478682527,0.4734774359967364,0.5418974712273477,,
42,Decision Tree,1.0,-0.012732488895115135,0.0,0.7461960465853203,0.0,0.5192987002375616,,
42,TabNet,0.12569225574322657,0.19502466031573365,0.8743077442567733,0.5793575485330092,0.6293078179083126,0.5606355833355107,,
42,"BaseNeuralNetwork(
  (hidden_1): Linear(in_features=8, out_features=10, bias=True)
  (hidden_2): Linear(in_features=10, out_features=100, bias=True)
  (hidden_3): Linear(in_features=100, out_features=10, bias=True)
  (predict): Linear(in_features=10, out_features=5, bias=True)
)",0.995276734909145,0.17448811582953047,0.004723265090855002,0.6200791945042384,0.050252200043056194,0.5394358676865,"[[-1.1312529e+00 -1.1054252e+00 -5.1198667e-01 -1.2003077e+00
  -1.1511480e+00]
 [-2.0847654e-01 -4.7339708e-02 -5.3355312e-01 -1.0719593e-01
  -4.8348058e-02]
 [-5.0279450e-01 -3.4702945e-01 -1.3096565e+00 -3.7156522e-01
  -3.6480039e-01]
 [-2.3822199e-01 -6.2888950e-02 -5.1514655e-01 -1.1662163e-01
  -6.3576445e-02]
 [-1.8966906e-01 -7.3133305e-02 -8.6396468e-01 -7.2057955e-02
  -1.3965440e-01]
 [ 3.6732599e-01  8.9203760e-02 -1.0390043e-01  1.8925890e-01
   1.4553520e-01]
 [-4.8407912e-04 -2.3288019e-01  7.2455317e-02 -1.2788558e-01
  -1.5305459e-01]
 [-4.5175815e-01 -6.8072462e-01  1.3004681e-01 -5.9413797e-01
  -5.9575123e-01]
 [ 3.6732599e-01  8.9203760e-02 -1.0390043e-01  1.8925890e-01
   1.4553520e-01]
 [ 1.5986460e+00  1.4762322e+00  1.3125905e+00  1.5733269e+00
   1.6602143e+00]
 [ 6.5883648e-01  3.2281169e-01 -5.1892862e-02  4.3543869e-01
   3.6756733e-01]
 [-5.7133150e-01 -2.9273766e-01  3.4741497e-01 -3.8820612e-01
  -2.7527824e-01]
 [ 9.7435284e-01  1.0585003e+00  2.4385810e-02  9.8681486e-01
   9.8691148e-01]
 [-1.7010285e+00 -1.7263769e+00 -9.0519720e-01 -1.7631449e+00
  -1.8082638e+00]
 [ 1.2778544e-01 -6.4510658e-02  3.2288998e-02 -4.5572262e-02
  -3.8675722e-02]
 [ 3.0169353e-02 -2.5137079e-01  2.1766758e-01 -1.5768227e-01
  -1.6400476e-01]
 [-1.0914052e+00 -1.0294464e+00 -9.5186114e-01 -1.1095016e+00
  -1.1454664e+00]
 [-1.2377510e+00 -1.2365825e+00 -4.4589877e-01 -1.2770005e+00
  -1.2827109e+00]
 [-1.4993729e-01 -3.4552222e-01 -1.0173559e-01 -2.6173317e-01
  -3.0942377e-01]
 [-1.9526213e+00 -1.0981861e+00  3.2184467e+00 -1.2722381e+00
  -9.7809017e-01]]","{'train_losses': [1.1213696748018265, 0.9892553742974997, 0.9839052806297938, 1.0360060594975948, 0.9416198966403803, 0.9571811010440191, 0.9866919051855803, 0.9506594041983286, 0.8183162435889244, 0.7745094671845436, 0.7738917718331019, 0.7911073478559653, 0.6816500077644984, 0.6531050664683183, 0.6406164020299911, 0.5998652821096281, 0.6566948648542166, 0.5698495643834273, 0.5824959414700667, 0.5910283128420512, 0.5185520971814791, 0.49789969126383465, 0.46195844809214276, 0.4562750182424982, 0.4549546961983045, 0.44747988941768807, 0.40585899477203685, 0.41359603342910606, 0.37510303035378456, 0.3618965024749438, 0.4011292476207018, 0.36016914000113803, 0.33862039881447953, 0.3251954686517517, 0.39292509217436117, 0.3118608857815464, 0.305358302158614, 0.2939456372211377, 0.2880021696910262, 0.2769188579792778, 0.27518182682494324, 0.2658672962958614, 0.2768275110671918, 0.2603492143874367, 0.25739180979629356, 0.25131082100172836, 0.2516895818213622, 0.24038118310272694, 0.22383779194206, 0.22415598357717195, 0.21453408493349949, 0.2094308581824104, 0.19982236344367266, 0.20533380704000592, 0.193836711657544, 0.18414456552515426, 0.1849370002746582, 0.1736086819631358, 0.18431848846375942, 0.1743150365849336, 0.1690366386125485, 0.1621069066847364, 0.15986958052963018, 0.15119983814656734, 0.14927787970130643, 0.15068351880957684, 0.14435018831864, 0.14563567377626896, 0.13219805977617702, 0.13044355732078353, 0.1245298651823153, 0.1241987394168973, 0.11813652515411377, 0.14765245219071707, 0.10835715507467587, 0.1065031726223727, 0.1316753039136529, 0.10175011260434985, 0.09888778161257505, 0.09388321250056227, 0.09279856504872441, 0.08518532197922468, 0.08375630651911099, 0.07790616139148672, 0.07631837856024504, 0.07205306078928213, 0.07084179615291457, 0.07045847130939364, 0.06931695233409603, 0.06820586308216055, 0.06414177858581145, 0.06331123737618327, 0.059983098258574806, 0.057504346361383796, 0.05696352734230459, 0.053543399243305125, 0.056882057804614305, 0.055654850943634905, 0.049721873831003904, 0.04691877875787517, 0.051087533279011645, 0.045756615310286484, 0.044889711464444794, 0.04608817398548126, 0.042245650198310614, 0.045091007060060896, 0.041667790773014225, 0.040977266461898885, 0.04110181308351457, 0.039126965294902526, 0.03844225266948342, 0.03676562950325509, 0.035592036709810294, 0.03858036450886478, 0.033380907688600324, 0.033860149094834924, 0.033426465544228755, 0.03279591646666328, 0.031077645951882005, 0.029983046697452664, 0.03285531187430024, 0.029414776479825377, 0.028998369971911114, 0.029962111148051918, 0.029194150275240343, 0.032418705678234495, 0.029459077826080222, 0.03192543964056919, 0.03010930462429921, 0.027906507874528568, 0.026592421655853588, 0.024907248637949426, 0.024400027507605653, 0.024086831758419674, 0.02356930053792894, 0.02218021471829464, 0.023920676942604285, 0.0266208869482701, 0.023103572932692867, 0.02311785938218236, 0.020727010230378557, 0.022712576979150374, 0.0216856844490394, 0.02056291714931528, 0.02028597646858543, 0.02061407919973135, 0.020187611885679264, 0.019133659040865798, 0.018677385019448895, 0.017695445489759248, 0.01814260120348384, 0.017577076330780983, 0.017574125474008422, 0.016930750260750454, 0.01622272705814491, 0.0163753671804443, 0.01616505653752635, 0.015881580611069996, 0.017297871721287567, 0.01586237856342147, 0.015612665835457543, 0.015609368216246367, 0.015226916565249363, 0.014790874789468944, 0.015584832794653872, 0.014955163778116306, 0.016677460710828502, 0.01449010866538932, 0.014340920761848489, 0.013557824733046194, 0.014733149980505308, 0.014432025258429348, 0.01495035986105601, 0.014419954308929542, 0.017075705730045836, 0.014321462134830654, 0.013566123554483056, 0.01299758554281046, 0.012576256490622958, 0.01270872688231369, 0.012346907227765769, 0.01166328009761249, 0.012306869612075388, 0.011942704052974781, 0.011662755316744247, 0.012536148463065425, 0.013270180594796935, 0.012846219159352282, 0.013344978331588209, 0.014546346346226832, 0.0127701679787909, 0.011538792537370076, 0.012081330137637755, 0.011470651312265545, 0.010755596100352705, 0.0106554232382526, 0.010493763606064022, 0.010355518277113637, 0.011344689022128781, 0.010214615341586372, 0.012275179925685128, 0.010904918541200459, 0.010637345723807812, 0.010642432646515468, 0.010172870883252472, 0.009484185681988796, 0.012339789342756072, 0.011769528035074472, 0.010386211642374596, 0.01056064300549527, 0.010828986996784806, 0.0130348758927236, 0.012615267769433558, 0.010928995305827508, 0.009652946086134762, 0.01002149082099398, 0.010029672198773673, 0.009315162256825715, 0.010390260528462628, 0.010056286429365477, 0.01073516047714899, 0.009634795365855098, 0.010311058101554712, 0.00870619019648681, 0.009559083070295552, 0.009740474207016328, 0.00977051987623175, 0.010229778825305402, 0.00944555236492306, 0.009301178099121898, 0.011378478491678834, 0.010686203565758964, 0.008827740869795283, 0.009091435252533605, 0.007562932985213895, 0.00883950071875006, 0.007606576371472329, 0.007114619414399688, 0.007329757519376774, 0.007885416368177781, 0.008706431913500031, 0.009004371978032092, 0.008241853443905711, 0.007691624787791322, 0.007863585730471337, 0.00720833387458697, 0.007878124772105366, 0.007187046518083662, 0.006930234424847488, 0.007692563153492908, 0.008259403286501765, 0.008469821671800068, 0.006664315355010331, 0.0066896730665272726, 0.006590747235653301, 0.007905032078269869, 0.007542446663137525, 0.0091601349801446, 0.00732006494460317, 0.007479916501324624, 0.011208463615427414, 0.010392354374441007, 0.009252503397874534, 0.008165570344620695, 0.007027153013041243, 0.007697987156764914, 0.007092523931836088, 0.0064996245394771295, 0.006155277602374554, 0.005887075715387861, 0.005837853280051301, 0.006381189896880339, 0.0073493889649398625, 0.006090179842431098, 0.006143362203147262, 0.005832152737032932, 0.006000014177213113, 0.00721117543677489, 0.006778505824816723, 0.00786300046214213, 0.006287619879003614, 0.00809943035710603, 0.007188016141299158, 0.008797969184039781, 0.00796375454713901, 0.006275153660681099, 0.0052465645130723715, 0.00572697435078832, 0.005954066097425918, 0.005527547715852658, 0.0060065137028383715, 0.00572601449675858, 0.005511929601198062, 0.005892288871109486, 0.005112248763907701, 0.004950776579789817, 0.005240817622204001, 0.004976800439180806, 0.005463259061798453, 0.005252439965261146], 'test_losses': [0.6785894632339478, 0.5346553325653076, 0.5206436514854431, 0.5167992115020752, 0.4974682927131653, 0.46904751658439636, 0.4257529377937317, 0.42113804817199707, 0.4182804524898529, 0.4381365478038788, 0.4475952088832855, 0.4585653245449066, 0.48484593629837036, 0.4935113191604614, 0.512279748916626, 0.5131425261497498, 0.534467875957489, 0.5396217107772827, 0.5560291409492493, 0.5648066997528076, 0.5692651271820068, 0.5711381435394287, 0.5826947093009949, 0.5911547541618347, 0.604790449142456, 0.6106420159339905, 0.6042419672012329, 0.6104931831359863, 0.6112223863601685, 0.6209648847579956], 'train_r2_scores': [-0.032703799207146236, 0.25886967464550537, 0.4995809620262717, 0.6437180313877964, 0.7255982132717123, 0.7880407304523391, 0.8386597535837023, 0.8788833729614887, 0.9163703487357726, 0.9382990200232705, 0.9542607096202156, 0.9638997728838277, 0.9710830930978449, 0.9756650457551836, 0.9795742641782688, 0.9828548647934939, 0.9844624416044082, 0.9861369798356548, 0.9881321549652846, 0.9894627191573759, 0.9903036531773134, 0.9893462760621313, 0.9907630263714562, 0.9902336620147917, 0.9918903881871254, 0.9902635416454031, 0.9932162689543583, 0.9944090880281049, 0.9941633686218786, 0.9940189969512565], 'test_r2_scores': [-0.008941898661269997, 0.2626886091180115, 0.31017244095631336, 0.3001094739881024, 0.33049034693666907, 0.3683686985325755, 0.4329750204600649, 0.4320908953149796, 0.43464157662921465, 0.4096201349906453, 0.39601778496884404, 0.38452359806122605, 0.3508259178609453, 0.35041453291428504, 0.3288235081435543, 0.32729816336461576, 0.2977213642060472, 0.28673506514939345, 0.2715029218756232, 0.26621287570473945, 0.2503760754477599, 0.24350134306554477, 0.23499119978106, 0.22533604745592656, 0.19458636760509343, 0.1965967351393864, 0.19862094194592267, 0.189747600258668, 0.1894057667234122, 0.1651546647169051], 'epochs': 300, 'final_metrics': {'train_mse': 0.004723265090855002, 'test_mse': 0.6200791945042384, 'train_mae': 0.050252200043056194, 'test_mae': 0.5394358676865, 'train_r2': 0.995276734909145, 'test_r2': 0.17448811582953047}}"
42,"ExplainableDBPsModel(
  (feature_extractor): PhysicsInformedFeatureExtractor(
    (group_extractors): ModuleDict(
      (environmental): Sequential(
        (0): Linear(in_features=2, out_features=32, bias=True)
        (1): ReLU()
        (2): Dropout(p=0.1, inplace=False)
      )
      (organic_matter): Sequential(
        (0): Linear(in_features=2, out_features=32, bias=True)
        (1): ReLU()
        (2): Dropout(p=0.1, inplace=False)
      )
      (disinfectant): Sequential(
        (0): Linear(in_features=1, out_features=16, bias=True)
        (1): ReLU()
        (2): Dropout(p=0.1, inplace=False)
      )
      (nitrogen_species): Sequential(
        (0): Linear(in_features=2, out_features=32, bias=True)
        (1): ReLU()
        (2): Dropout(p=0.1, inplace=False)
      )
      (halides): Sequential(
        (0): Linear(in_features=1, out_features=16, bias=True)
        (1): ReLU()
        (2): Dropout(p=0.1, inplace=False)
      )
    )
    (chemistry_encoder): Sequential(
      (0): Linear(in_features=3, out_features=16, bias=True)
      (1): ReLU()
      (2): Dropout(p=0.1, inplace=False)
    )
    (interaction_extractor): Sequential(
      (0): Linear(in_features=144, out_features=64, bias=True)
      (1): ReLU()
      (2): Dropout(p=0.2, inplace=False)
      (3): Linear(in_features=64, out_features=32, bias=True)
    )
  )
  (attention): AttentionMechanism(
    (attention): Sequential(
      (0): Linear(in_features=144, out_features=72, bias=True)
      (1): ReLU()
      (2): Linear(in_features=72, out_features=5, bias=True)
      (3): Softmax(dim=1)
    )
  )
  (predictor): DBPsSpecificPredictor(
    (predictors): ModuleList(
      (0-4): 5 x Sequential(
        (0): Linear(in_features=176, out_features=128, bias=True)
        (1): ReLU()
        (2): Dropout(p=0.2, inplace=False)
        (3): Linear(in_features=128, out_features=64, bias=True)
        (4): ReLU()
        (5): Linear(in_features=64, out_features=1, bias=True)
      )
    )
  )
)",0.9910275529694925,0.045767578428074704,0.008972447030507553,0.7928371486828394,0.07252288013153882,0.48041850176960627,"[[-1.2169207  -0.85919905 -0.8379276  -0.96990305 -1.0662113 ]
 [-0.17158768 -0.11176156 -0.5001305  -0.09463221 -0.13282247]
 [-0.5767222  -0.36366028 -1.1003033  -0.34568977 -0.28584868]
 [-0.1849281  -0.09912452 -0.43760556 -0.08891605 -0.12722152]
 [-1.0843217  -1.018702   -1.0525368  -0.95866346 -1.0395482 ]
 [-0.07283096 -0.11169079 -0.38032198 -0.07285504 -0.1491802 ]
 [-0.73344034 -0.752327   -0.42245024 -0.67499816 -0.7338807 ]
 [-0.6452005  -0.71447885 -0.29902306 -0.6344621  -0.6916357 ]
 [-0.07283096 -0.11169079 -0.38032198 -0.07285504 -0.1491802 ]
 [ 1.6569076   1.6667417   0.8106473   1.7733567   1.8096813 ]
 [ 0.1077833   0.05555819 -0.20510137  0.12900326  0.08808511]
 [-0.1506963   0.0165606   0.65242004  0.162427    0.21224336]
 [ 0.34337837  0.40919217 -0.1952542   0.46470785  0.4016065 ]
 [-1.4871098  -1.4439826  -0.82973176 -1.4112711  -1.4542134 ]
 [-0.29314387 -0.4822723  -0.19515088 -0.3087434  -0.3790854 ]
 [-0.27188855 -0.46052358 -0.19916412 -0.3027283  -0.4061886 ]
 [-0.94155437 -0.945381   -0.7195249  -0.86731213 -0.92683303]
 [-0.3611341  -0.26930255 -0.2946771  -0.327748   -0.39249405]
 [-0.0264174  -0.47287682  1.1077571  -0.22639063 -0.20994557]
 [-1.1747566   0.57853913  5.235425   -0.07236772  0.8863306 ]]","{'train_losses': [1.002334713935852, 0.9914713501930237, 0.9773854613304138, 0.9700719714164734, 0.9537248015403748, 0.9387534856796265, 0.9168664216995239, 0.9060498476028442, 0.8803420066833496, 0.8648911118507385, 0.8260039687156677, 0.8014693856239319, 0.7707667946815491, 0.7286744713783264, 0.7103689908981323, 0.6808273792266846, 0.6716504693031311, 0.6498594880104065, 0.6513971090316772, 0.6370264887809753, 0.5606587529182434, 0.5675742030143738, 0.5684617757797241, 0.5398648977279663, 0.53448885679245, 0.4718959629535675, 0.43341127038002014, 0.4614894986152649, 0.4289826452732086, 0.40177953243255615, 0.3542194664478302, 0.3500339090824127, 0.37639033794403076, 0.3485375940799713, 0.28833064436912537, 0.31845685839653015, 0.30695468187332153, 0.342525452375412, 0.32355383038520813, 0.3561888039112091, 0.25472331047058105, 0.293390691280365, 0.27927279472351074, 0.26472076773643494, 0.31080231070518494, 0.2702952027320862, 0.24965159595012665, 0.2653277516365051, 0.2716338336467743, 0.23120178282260895, 0.24465975165367126, 0.2385561317205429, 0.2458815723657608, 0.23403173685073853, 0.23113802075386047, 0.2140967696905136, 0.1917717605829239, 0.21035605669021606, 0.20870617032051086, 0.20064830780029297, 0.20371276140213013, 0.19406650960445404, 0.17573688924312592, 0.17446160316467285, 0.1739571988582611, 0.18358883261680603, 0.15781287848949432, 0.16594764590263367, 0.17682625353336334, 0.18699924647808075, 0.16787266731262207, 0.15582922101020813, 0.1770724207162857, 0.16640505194664001, 0.18821139633655548, 0.1805107593536377, 0.15542460978031158, 0.17960655689239502, 0.15394261479377747, 0.1551220864057541, 0.15598870813846588, 0.13279268145561218, 0.11066005378961563, 0.12315891683101654, 0.1606493443250656, 0.1560835987329483, 0.12016390264034271, 0.11625006794929504, 0.12126883864402771, 0.1263875514268875, 0.1500302404165268, 0.11254902929067612, 0.12146665900945663, 0.14295481145381927, 0.10810084640979767, 0.14089158177375793, 0.1256137490272522, 0.10065086930990219, 0.09950239956378937, 0.10192706435918808, 0.1291186511516571, 0.11072003841400146, 0.09281299263238907, 0.09688883274793625, 0.10440079122781754, 0.0974993109703064, 0.10105439275503159, 0.1069783940911293, 0.10055551677942276, 0.11247684806585312, 0.12022246420383453, 0.08371127396821976, 0.1053645983338356, 0.08616835623979568, 0.09192345291376114, 0.07846756279468536, 0.09463696926832199, 0.08186876028776169, 0.08823639899492264, 0.08691805601119995, 0.08295547962188721, 0.08160262554883957, 0.08075056970119476, 0.07479043304920197, 0.0741586834192276, 0.09726843237876892, 0.06969663500785828, 0.09404341131448746, 0.08628132194280624, 0.07198949158191681, 0.07827626168727875, 0.07184876501560211, 0.09807722270488739, 0.08364756405353546, 0.08395745605230331, 0.07989836484193802, 0.061678264290094376, 0.07971622794866562, 0.06777025014162064, 0.08508012443780899, 0.09231109917163849, 0.07110238820314407, 0.06324972957372665, 0.08568029850721359, 0.07956747710704803, 0.08708652853965759, 0.08871424198150635, 0.08341560512781143, 0.06781136989593506, 0.07005899399518967, 0.07247752696275711, 0.06176616996526718, 0.06210663169622421, 0.07053063809871674, 0.09341840445995331, 0.05105576664209366, 0.0650516226887703, 0.07053818553686142, 0.06419939547777176, 0.06835001707077026, 0.09073662757873535, 0.06600387394428253, 0.062355443835258484, 0.057745955884456635, 0.05808302015066147, 0.061960794031620026, 0.07513106614351273, 0.0767405778169632, 0.07847583293914795, 0.05544796213507652, 0.06959415972232819, 0.06492111086845398, 0.08129767328500748, 0.06198202073574066, 0.05633556470274925, 0.06493044644594193, 0.0672336220741272, 0.08200732618570328, 0.05404932424426079, 0.04399031773209572, 0.07195708155632019, 0.05167444795370102, 0.061429206281900406, 0.049215950071811676, 0.060702838003635406, 0.053338851779699326, 0.04475569725036621, 0.04765148460865021, 0.04848101735115051, 0.06786122918128967, 0.05280236154794693, 0.05025632679462433, 0.06553763151168823, 0.039126329123973846, 0.06998692452907562, 0.05702294781804085, 0.044976506382226944, 0.04971902444958687, 0.04656236618757248, 0.04698677733540535, 0.062287259846925735, 0.05027151107788086, 0.054023198783397675, 0.0447784923017025, 0.0620778352022171, 0.05267082527279854, 0.058177005499601364, 0.07138048857450485, 0.06524348258972168, 0.06843957304954529, 0.06103266030550003, 0.0447080098092556, 0.04893529787659645, 0.05067106708884239, 0.055530644953250885, 0.06311168521642685, 0.03666126728057861, 0.038736067712306976, 0.06456141918897629, 0.05361049994826317, 0.06275143474340439, 0.05775262787938118, 0.06530838459730148, 0.03744840621948242, 0.054335981607437134, 0.042518094182014465, 0.05044841021299362, 0.04732233285903931, 0.06544294953346252, 0.04708123207092285, 0.03435048460960388, 0.06626419723033905, 0.04215725138783455, 0.04190150275826454, 0.055325817316770554, 0.046714216470718384, 0.048580486327409744, 0.06423265486955643, 0.043061286211013794, 0.0352935716509819, 0.039664313197135925, 0.06246315315365791, 0.04699745029211044, 0.0392410047352314, 0.06345635652542114, 0.05341504141688347, 0.044147271662950516, 0.047233790159225464, 0.06823844462633133, 0.05784457549452782, 0.040972791612148285, 0.05408348888158798, 0.0497777946293354, 0.05176319181919098, 0.03969787806272507, 0.048806652426719666, 0.04529653862118721, 0.038836222141981125, 0.04632016643881798, 0.05143674090504646, 0.03161582723259926, 0.03752104192972183, 0.04541207104921341, 0.06075815483927727, 0.05069456994533539, 0.036767903715372086, 0.03458353877067566, 0.04565185680985451, 0.046523548662662506, 0.03549221530556679, 0.03835076093673706, 0.04422474279999733, 0.03196459263563156, 0.03571433946490288, 0.035596463829278946, 0.03695335611701012, 0.04124533012509346, 0.03427530452609062, 0.028091631829738617, 0.031407274305820465, 0.038634054362773895, 0.03969833627343178, 0.03904952481389046, 0.03953475132584572, 0.03458098694682121, 0.03912488743662834, 0.04362260922789574, 0.0385763980448246, 0.032966434955596924, 0.04033074900507927, 0.04027653485536575, 0.03592928126454353, 0.026567930355668068, 0.04153864085674286, 0.03921036049723625, 0.03593490645289421, 0.03799959272146225, 0.03125368803739548, 0.04511971399188042, 0.041988786309957504], 'test_losses': [0.749359667301178, 0.6848011016845703, 0.702309250831604, 0.5241382718086243, 0.5161588191986084, 0.49579116702079773, 0.52081298828125, 0.5200278162956238, 0.5457918643951416, 0.5590090751647949, 0.5926439762115479, 0.6280068755149841, 0.6302593350410461, 0.6510570645332336, 0.6126188635826111, 0.6193787455558777, 0.6339192986488342, 0.6425212025642395, 0.6876397728919983, 0.6987948417663574, 0.7024751901626587, 0.6699879169464111, 0.7307873368263245, 0.7165501117706299, 0.6971877217292786, 0.7461512684822083, 0.6724427938461304, 0.7551218867301941, 0.7369629740715027, 0.6731013059616089], 'train_r2_scores': [0.010238288640624127, 0.20204025071534595, 0.45065175465906, 0.6701881039829811, 0.7569926167816721, 0.8146836989388978, 0.8575168127309359, 0.8965272684475931, 0.9089660006514357, 0.9277465976935038, 0.9381535305877667, 0.9486627077216973, 0.9567527305691078, 0.963648413338999, 0.9639328916862067, 0.9680566362906351, 0.9758254958848142, 0.9756751101742008, 0.9751600318291007, 0.9839034379960984, 0.9821272914434468, 0.9860130671823141, 0.9833553786697781, 0.9845347614567949, 0.985114725717318, 0.9858290845241825, 0.9865416341454869, 0.9913616652055628, 0.9899102211997469, 0.990156195870675], 'test_r2_scores': [-0.13607777476848576, -0.014127507986514787, -0.07163217027010323, 0.27378572998007256, 0.2798410659031685, 0.35087206843994745, 0.3432795061481576, 0.34640990217622825, 0.31480532215153956, 0.29864684313159007, 0.2778219006950813, 0.24495613936421207, 0.24649435664336705, 0.2248325851565775, 0.2575237106766949, 0.25422919920074794, 0.22906750510459614, 0.19937616767485927, 0.18393723743029952, 0.16780805590336215, 0.14968325647491765, 0.18728199686760974, 0.13283805978642316, 0.12556470001976486, 0.15366672732436534, 0.11445091035828388, 0.18703892979704786, 0.09056674734705591, 0.10557022258262491, 0.15660251817442178], 'learning_rates': [0.001, 0.001, 0.001, 0.001, 0.001, 0.001, 0.001, 0.001, 0.001, 0.001, 0.001, 0.001, 0.001, 0.001, 0.001, 0.001, 0.001, 0.001, 0.001, 0.001, 0.001, 0.001, 0.001, 0.001, 0.001, 0.001, 0.001, 0.001, 0.001, 0.001, 0.001, 0.001, 0.001, 0.001, 0.001, 0.001, 0.001, 0.001, 0.001, 0.001, 0.001, 0.001, 0.001, 0.001, 0.001, 0.001, 0.001, 0.001, 0.001, 0.001, 0.001, 0.001, 0.001, 0.001, 0.001, 0.001, 0.001, 0.001, 0.001, 0.001, 0.001, 0.001, 0.001, 0.001, 0.001, 0.001, 0.001, 0.001, 0.001, 0.001, 0.001, 0.001, 0.001, 0.001, 0.001, 0.001, 0.001, 0.001, 0.001, 0.001, 0.001, 0.001, 0.001, 0.001, 0.001, 0.001, 0.001, 0.001, 0.001, 0.001, 0.001, 0.001, 0.001, 0.001, 0.001, 0.001, 0.001, 0.001, 0.001, 0.001, 0.001, 0.001, 0.001, 0.001, 0.001, 0.001, 0.001, 0.001, 0.001, 0.001, 0.001, 0.001, 0.001, 0.001, 0.001, 0.001, 0.001, 0.001, 0.001, 0.001, 0.001, 0.001, 0.001, 0.001, 0.001, 0.001, 0.001, 0.001, 0.001, 0.001, 0.001, 0.001, 0.001, 0.001, 0.001, 0.001, 0.001, 0.001, 0.001, 0.001, 0.001, 0.001, 0.001, 0.001, 0.001, 0.001, 0.001, 0.001, 0.001, 0.001, 0.001, 0.001, 0.001, 0.001, 0.001, 0.001, 0.001, 0.001, 0.001, 0.001, 0.001, 0.001, 0.001, 0.001, 0.001, 0.001, 0.001, 0.001, 0.001, 0.001, 0.001, 0.001, 0.001, 0.001, 0.001, 0.001, 0.001, 0.001, 0.001, 0.001, 0.001, 0.001, 0.001, 0.001, 0.001, 0.001, 0.001, 0.001, 0.001, 0.001, 0.001, 0.001, 0.001, 0.001, 0.001, 0.001, 0.001, 0.001, 0.001, 0.001, 0.001, 0.001, 0.001, 0.001, 0.001, 0.001, 0.001, 0.001, 0.001, 0.001, 0.001, 0.001, 0.001, 0.001, 0.001, 0.001, 0.001, 0.001, 0.001, 0.001, 0.001, 0.001, 0.001, 0.001, 0.001, 0.001, 0.001, 0.001, 0.001, 0.001, 0.001, 0.001, 0.001, 0.001, 0.001, 0.001, 0.001, 0.001, 0.001, 0.001, 0.001, 0.001, 0.001, 0.001, 0.001, 0.001, 0.001, 0.001, 0.001, 0.001, 0.001, 0.001, 0.001, 0.001, 0.001, 0.001, 0.001, 0.001, 0.001, 0.001, 0.001, 0.001, 0.001, 0.001, 0.001, 0.001, 0.001, 0.001, 0.001, 0.001, 0.001, 0.001, 0.001, 0.001, 0.001, 0.001, 0.001, 0.001, 0.001, 0.001, 0.001, 0.001, 0.001, 0.001, 0.001, 0.001, 0.001, 0.001, 0.001, 0.001, 0.001, 0.001, 0.001, 0.001, 0.001, 0.001, 0.001, 0.001, 0.001, 0.001], 'epochs': 300, 'final_metrics': {'train_mse': 0.008972447030507553, 'test_mse': 0.7928371486828394, 'train_mae': 0.07252288013153882, 'test_mae': 0.48041850176960627, 'train_r2': 0.9910275529694925, 'test_r2': 0.045767578428074704}}"
42,"MultKAN(
  (act_fun): ModuleList(
    (0-1): 2 x KANLayer(
      (base_fun): SiLU()
    )
  )
  (base_fun): SiLU()
  (symbolic_fun): ModuleList(
    (0-1): 2 x Symbolic_KANLayer()
  )
)",0.8251447014664798,-1.5641214314784364,0.17485529853352028,2.3132292270175285,0.3036150431522933,0.8810889555626084,"[[-6.82867169e-01 -7.38857388e-01 -1.09598577e+00 -7.43504226e-01
  -7.68505573e-01]
 [-1.08067885e-01 -6.87198639e-02 -2.05308720e-02 -8.59812945e-02
  -7.16425851e-02]
 [ 1.70994550e-04 -1.76223278e-01  1.44317970e-01 -8.09252709e-02
  -3.73105146e-02]
 [-5.29010534e-01 -7.40908861e-01 -2.56816987e-02 -6.48436725e-01
  -6.48018897e-01]
 [-1.11376119e+00 -1.39918828e+00  1.76433635e+00 -1.25741410e+00
  -1.30054092e+00]
 [ 3.16452503e-01  4.56749499e-01 -1.08478725e+00  3.94314915e-01
   3.89785439e-01]
 [ 4.59666282e-01  2.85202533e-01  2.16253185e+00  3.95760834e-01
   4.43368912e-01]
 [-5.32970726e-02 -1.72336251e-02 -6.53814316e-01 -5.37134111e-02
  -8.00983012e-02]
 [ 3.16452503e-01  4.56749499e-01 -1.08478725e+00  3.94314915e-01
   3.89785439e-01]
 [ 1.04511547e+00  1.20940876e+00  1.22419849e-01  1.19136083e+00
   1.19210207e+00]
 [ 4.55251753e-01  2.94741184e-01  2.14118791e+00  4.06058490e-01
   4.67355847e-01]
 [ 1.13283813e-01  2.77790725e-01 -5.39491549e-02  2.07759559e-01
   2.69037902e-01]
 [ 8.30915332e-01  7.34266043e-01  1.21530950e+00  8.02614510e-01
   7.73014009e-01]
 [-8.30413938e-01 -8.37976336e-01  2.50636244e+00 -7.58342803e-01
  -7.96820045e-01]
 [-5.20164430e-01 -6.11528337e-01  1.45009726e-01 -5.83111763e-01
  -5.74441075e-01]
 [-7.59685159e-01 -1.02125764e+00  1.23838282e+00 -9.05153871e-01
  -8.73254597e-01]
 [-9.47046697e-01 -1.19045043e+00  2.15741467e+00 -1.03016853e+00
  -1.03210592e+00]
 [-6.31972790e-01 -2.23290443e-01 -1.07350140e+01 -7.22844660e-01
  -8.43993545e-01]
 [ 3.93923402e-01  2.49986351e-01  1.99967957e+00  3.50395203e-01
   4.17102098e-01]
 [ 7.28367746e-01  5.97953320e-01  1.18109085e-01  7.00267315e-01
   7.52918005e-01]]",
123,Linear Regression,0.587453320389164,0.15094591957224535,0.4125466796108361,0.549063828420158,0.48183919409332,0.5805360200156986,,
123,Ridge Regression,0.5868935480257347,0.1682518232633787,0.4131064519742654,0.5379275219570545,0.4817860600525224,0.5736599555270105,,
123,Lasso Regression,0.5037236807591178,0.24868141092121415,0.4962763192408824,0.48512888546473915,0.5188976142721611,0.5204776765819437,,
123,Elastic Net,0.550770327925002,0.2934003992361397,0.4492296720749979,0.4571634137175706,0.4976828399328223,0.518401377160822,,
123,Random Forest,0.9321197767080616,0.08901136212285712,0.06788022329193855,0.5863284599212428,0.18114890421824723,0.542367104593387,,
123,Extra Trees,1.0,0.2960898496615691,2.19330663389509e-30,0.45236202676911563,9.54036630794886e-16,0.48058922425241707,,
123,Gradient Boosting,0.9995128190306252,-0.28583950472531156,0.0004871809693748651,0.8112167107788512,0.016284531898866382,0.6070508968824887,,
123,Support Vector Regression,0.7381747135891168,0.5035563827072392,0.26182528641088315,0.3257573438085903,0.27717326982686413,0.42745008636198367,,
123,K-Nearest Neighbors,0.5810628999769782,-0.08514349939679626,0.4189371000230217,0.6961091961648769,0.49435485814921554,0.6408739327814458,,
123,Decision Tree,1.0,-0.6357330492284111,0.0,1.0263420019513483,0.0,0.7049356762612538,,
123,TabNet,0.4950873948813066,0.3016330267155447,0.5049126051186933,0.4528637709056194,0.5213518049712894,0.52226669202461,,
123,"BaseNeuralNetwork(
  (hidden_1): Linear(in_features=8, out_features=10, bias=True)
  (hidden_2): Linear(in_features=10, out_features=100, bias=True)
  (hidden_3): Linear(in_features=100, out_features=10, bias=True)
  (predict): Linear(in_features=10, out_features=5, bias=True)
)",0.997052667333457,-0.17883576416554492,0.0029473326665430196,0.7526790197218775,0.042430202693911415,0.6187930196510338,"[[-3.8669181e-01 -4.1215324e-01 -1.8348208e-01 -4.7209966e-01
  -5.1084960e-01]
 [-1.3887882e-04  6.0179926e-02 -1.9715272e-01 -1.9610912e-02
  -2.9410213e-02]
 [-1.7533898e-02  6.1502808e-01 -2.3278400e-02  4.0489310e-01
   4.8448426e-01]
 [-3.0166718e-01  1.9529246e-02  2.5963247e-02 -8.2830116e-02
  -1.9882651e-01]
 [ 1.2078931e+00  1.9771392e+00 -6.8252933e-01  1.8314363e+00
   2.0718207e+00]
 [-6.9479144e-01 -4.9371529e-01 -8.1496531e-01 -4.8208153e-01
  -3.5710761e-01]
 [-6.2661433e-01 -4.2386311e-01 -5.0998777e-01 -5.8149272e-01
  -6.1993289e-01]
 [ 2.1847782e-01  4.4257131e-01 -2.1943182e-01  3.6924702e-01
   2.9034358e-01]
 [ 1.5627503e+00 -1.5588933e-01  3.0305833e-02  6.6669369e-01
   5.5635291e-01]
 [-3.4231007e-01 -3.3053511e-01 -4.1385031e-01 -4.0081751e-01
  -4.3907714e-01]
 [ 4.3474582e-01  8.2074881e-01 -1.2346810e-01  5.6329674e-01
   5.4449463e-01]
 [ 3.7474674e-01 -5.3336048e-01  3.3529586e-01 -1.7502551e-01
  -1.9508198e-01]
 [-5.8753181e-01 -5.5711269e-01 -4.3917358e-01 -6.1012262e-01
  -7.0515770e-01]
 [ 1.7491825e+00  6.1239833e-01  3.7874675e-01  1.1293716e+00
   9.8256946e-01]
 [ 6.1442029e-01  4.3674596e-02  1.3294330e+00  2.1662992e-01
   2.4170946e-01]
 [ 6.6463512e-01  1.0461135e+00  1.1361957e+00  7.4038696e-01
   8.6201704e-01]
 [-1.3680251e+00 -1.5052217e+00 -1.7757849e+00 -1.4889688e+00
  -1.5038246e+00]
 [ 2.1959588e-01 -2.5377449e-01  1.0187457e+00 -2.6124611e-02
  -6.3060157e-02]
 [ 2.8590995e-01  7.9643095e-01 -8.9485094e-02  6.5200955e-01
   6.7058110e-01]
 [-4.0670431e-01 -3.7152809e-01 -5.5316019e-01 -3.0934972e-01
  -2.9151469e-01]]","{'train_losses': [1.0547455362975597, 1.0867948656280835, 1.0484117617209752, 0.9491675520936648, 0.9439591864744822, 0.8925080572565397, 0.9152307485540708, 0.8010307848453522, 0.7376412997643153, 0.7193610171477, 0.6405166822175185, 0.5854863319545984, 0.5396904808779558, 0.5048182457685471, 0.4820601927737395, 0.46148733297983807, 0.41616662684828043, 0.41972751915454865, 0.3958076052367687, 0.37459938259174425, 0.35900764089698595, 0.3627372036377589, 0.34943038659791154, 0.34394945328434307, 0.3286039686451356, 0.3380684610456228, 0.33678534844269353, 0.340460575496157, 0.31559826868275803, 0.29332337342202663, 0.302369416380922, 0.2856281256924073, 0.2766377905694147, 0.27741604919234913, 0.2690227013081312, 0.3230334669351578, 0.2604540841033061, 0.24506732262670994, 0.24643669929355383, 0.23581080146444341, 0.23326658830046654, 0.22506282990798354, 0.22314898297190666, 0.2320194865266482, 0.2020100960507989, 0.20065019217630228, 0.20146334109206995, 0.1951268936196963, 0.19399176289637884, 0.178846868686378, 0.1788194701075554, 0.18515579650799432, 0.1699149158472816, 0.16409603940943876, 0.16936305755128464, 0.16922776897748312, 0.15933864330872893, 0.16587923653423786, 0.15365035242090622, 0.1429384428386887, 0.13923011192431053, 0.15391883254051208, 0.13342384613739947, 0.14553934584061304, 0.1383307430272301, 0.13043232696751753, 0.12411778901393215, 0.13098348723724484, 0.12587449497853717, 0.11721170445283254, 0.1196896171507736, 0.12906007018561164, 0.11280989833176136, 0.11152835267906387, 0.10588530908959608, 0.10489470356454451, 0.10734422070284684, 0.11209582335626085, 0.10051665160184105, 0.09720111545175314, 0.09898888257642587, 0.09272193163633347, 0.08950526158635815, 0.09532895032316446, 0.09669376319895188, 0.09105805866420269, 0.09294014936313033, 0.09844925906509161, 0.08010515640489757, 0.0885775910379986, 0.08523108654965957, 0.08797372039407492, 0.0773839415051043, 0.07375184322396915, 0.07903334870934486, 0.080098416035374, 0.0696095764481773, 0.06778700129749875, 0.06574688525870442, 0.06373839142421882, 0.06529413582757115, 0.06652834390600522, 0.06845253674934308, 0.06029127196719249, 0.060830030435075365, 0.061415675872315965, 0.06480892033626635, 0.05956054711714387, 0.05557217084181806, 0.06354215601459146, 0.054031516114870705, 0.055432357670118414, 0.05484145553782582, 0.0527376818160216, 0.051729106809943914, 0.05365796759724617, 0.04827818530611694, 0.05472956729742388, 0.048223205065975584, 0.04689101436330626, 0.04886281955987215, 0.04531679744832218, 0.050795702108492456, 0.04850814658372352, 0.0426579105357329, 0.041983806217710175, 0.04570651062143346, 0.040255853440612555, 0.040975299469816186, 0.0384411746247982, 0.038223946622262396, 0.04088718397542834, 0.04127940543306371, 0.04094731085933745, 0.03794932714663446, 0.0371925199093918, 0.03493002518856277, 0.03568339006354412, 0.03314450953621417, 0.03385476768016815, 0.03343363478779793, 0.031581378454575315, 0.03287845915959527, 0.03371823268632094, 0.031688908697105944, 0.030392510117962956, 0.029586179996840656, 0.03112938169700404, 0.030526079858342808, 0.031221749843098223, 0.03230956844830265, 0.028558138913164537, 0.029003052428985637, 0.03160612005740404, 0.028251890015477937, 0.026553193184857566, 0.027462041315933067, 0.02631058784512182, 0.026707013448079426, 0.02679509607454141, 0.02604181078883509, 0.026300740893930197, 0.023589033206614356, 0.023587675105469923, 0.02318502147682011, 0.022528077320506174, 0.022780608851462603, 0.022425692683706682, 0.02237640581248949, 0.02407721267081797, 0.022428442530023556, 0.020777714749177296, 0.021226221617932122, 0.020201153665160138, 0.020104192624179024, 0.019231151789426804, 0.019332932230706017, 0.0188169718409578, 0.018929939057367545, 0.01882113974230985, 0.01825556739155824, 0.018577350846802194, 0.017420155733513337, 0.018181509609955054, 0.016775920560273033, 0.018636316992342472, 0.01664317787314455, 0.017300510274556775, 0.01636616711039096, 0.01654562291999658, 0.015347274214339754, 0.015114558162167668, 0.01501331920735538, 0.01485015886525313, 0.015051838437405726, 0.014845174465638896, 0.016419381640541058, 0.01472536998335272, 0.013898065313696861, 0.01333671222285678, 0.014751122294304272, 0.013308472853774825, 0.013046672373699645, 0.012566946737933904, 0.012479150900617242, 0.014338443637825549, 0.012050969778404882, 0.012196095543913543, 0.0117950474183696, 0.011587264016270638, 0.012982307001948357, 0.012183042553563913, 0.01115269778529182, 0.012564692685070137, 0.01062971206071476, 0.010891677734131614, 0.010445900610648096, 0.01077039196388796, 0.010677784157451242, 0.009650504138941566, 0.010200813296250999, 0.01010062739563485, 0.009676731657236814, 0.00926591114451488, 0.009184940427076072, 0.009891236860615512, 0.00964061989604185, 0.010435933518844346, 0.009080363088287413, 0.009313381024791548, 0.008750511313943813, 0.00845913557956616, 0.008201857000434151, 0.008121218124870211, 0.008009531263572475, 0.007692727085668594, 0.007862799015128985, 0.007272831697870667, 0.007939474143010253, 0.007173307181801647, 0.007464105049924304, 0.007090060894067089, 0.00786043556096653, 0.008074432553257793, 0.0068383534089662135, 0.007488847225128363, 0.007366859683922182, 0.007500885636545718, 0.007127253998381396, 0.007253216560153912, 0.006187099575375517, 0.006267378766400118, 0.00558350351639092, 0.005622060639628519, 0.005565907049458474, 0.0053705927372599644, 0.005448311858344823, 0.005598039230486999, 0.005317408766131848, 0.0052283678378444165, 0.005240729942064111, 0.004801821487490088, 0.005053359103233864, 0.00507460066000931, 0.004972899934121718, 0.004762218430793534, 0.005029561560756217, 0.005112866929266602, 0.005645309148045878, 0.004766783502418548, 0.00454320067850252, 0.004320003431833659, 0.004221200370617832, 0.004436181702961524, 0.004603722307365388, 0.0045813424803782254, 0.004552577272988856, 0.0054889337431328995, 0.004708703626723339, 0.004238028215089192, 0.004131699058537682, 0.004107399494387209, 0.0036465483717620373, 0.003978656566080947, 0.004032727350325634, 0.003630801773397252, 0.003673972882097587, 0.0034288987517356873, 0.003202620476561909, 0.0030626358833008758, 0.0032447269768454134, 0.0032120510295499116, 0.0031902670549849668, 0.0034690035487680384, 0.003093861926269407, 0.003096542573378732, 0.0030447711469605565, 0.003145809615186105, 0.0029508937053227178, 0.0028944349517890564], 'test_losses': [0.7010592818260193, 0.7576693892478943, 0.6674857139587402, 0.6302739381790161, 0.5743427276611328, 0.5822257995605469, 0.5863392949104309, 0.5775859355926514, 0.6113356351852417, 0.6428474187850952, 0.6882333159446716, 0.7317817807197571, 0.7245369553565979, 0.7280245423316956, 0.7288052439689636, 0.7227755784988403, 0.7355651259422302, 0.7371828556060791, 0.7336843013763428, 0.7352690696716309, 0.7440304756164551, 0.7588855028152466, 0.7556824684143066, 0.7602947950363159, 0.7709985375404358, 0.7680822610855103, 0.7533114552497864, 0.7532778978347778, 0.7639456987380981, 0.775307834148407], 'train_r2_scores': [-0.04371119062535831, 0.38544062896462894, 0.6377679562048867, 0.7082305778821038, 0.7738897039632671, 0.8263196704497917, 0.8610137463775146, 0.8856024692076353, 0.9071167258037967, 0.9239615933020039, 0.9378913634128937, 0.9471554494641037, 0.9546027813222862, 0.9623185365686652, 0.9677322069087498, 0.9717069064511442, 0.9763219445292671, 0.9796797427335896, 0.9812302558342226, 0.984932857309718, 0.9872532403298395, 0.9883731114448194, 0.9905463057273568, 0.9919625542029449, 0.993117799317802, 0.9936571034746207, 0.995445513430008, 0.9954083493524524, 0.9963170682128745, 0.9967482538329318], 'test_r2_scores': [-0.09434943643742852, -0.1838302246115067, -0.04029009077954904, 0.018977072326372312, 0.10932766433778898, 0.09733154374334248, 0.09280746964042301, 0.10893290813743617, 0.056212918356024225, 0.006644506961337715, -0.06637100612382366, -0.13566522365536465, -0.12565062376701616, -0.1313506074015357, -0.13248178113666942, -0.12336217161595334, -0.1452363932727147, -0.14790178783668545, -0.14204744564659158, -0.1455042521171746, -0.15978824157030927, -0.18386652631431874, -0.17904266333389357, -0.18668525817403206, -0.20418264022968993, -0.2008386514637676, -0.17828127741513775, -0.17929320591333803, -0.19627478340422547, -0.21530090524140397], 'epochs': 300, 'final_metrics': {'train_mse': 0.0029473326665430196, 'test_mse': 0.7526790197218775, 'train_mae': 0.042430202693911415, 'test_mae': 0.6187930196510338, 'train_r2': 0.997052667333457, 'test_r2': -0.17883576416554492}}"
123,"ExplainableDBPsModel(
  (feature_extractor): PhysicsInformedFeatureExtractor(
    (group_extractors): ModuleDict(
      (environmental): Sequential(
        (0): Linear(in_features=2, out_features=32, bias=True)
        (1): ReLU()
        (2): Dropout(p=0.1, inplace=False)
      )
      (organic_matter): Sequential(
        (0): Linear(in_features=2, out_features=32, bias=True)
        (1): ReLU()
        (2): Dropout(p=0.1, inplace=False)
      )
      (disinfectant): Sequential(
        (0): Linear(in_features=1, out_features=16, bias=True)
        (1): ReLU()
        (2): Dropout(p=0.1, inplace=False)
      )
      (nitrogen_species): Sequential(
        (0): Linear(in_features=2, out_features=32, bias=True)
        (1): ReLU()
        (2): Dropout(p=0.1, inplace=False)
      )
      (halides): Sequential(
        (0): Linear(in_features=1, out_features=16, bias=True)
        (1): ReLU()
        (2): Dropout(p=0.1, inplace=False)
      )
    )
    (chemistry_encoder): Sequential(
      (0): Linear(in_features=3, out_features=16, bias=True)
      (1): ReLU()
      (2): Dropout(p=0.1, inplace=False)
    )
    (interaction_extractor): Sequential(
      (0): Linear(in_features=144, out_features=64, bias=True)
      (1): ReLU()
      (2): Dropout(p=0.2, inplace=False)
      (3): Linear(in_features=64, out_features=32, bias=True)
    )
  )
  (attention): AttentionMechanism(
    (attention): Sequential(
      (0): Linear(in_features=144, out_features=72, bias=True)
      (1): ReLU()
      (2): Linear(in_features=72, out_features=5, bias=True)
      (3): Softmax(dim=1)
    )
  )
  (predictor): DBPsSpecificPredictor(
    (predictors): ModuleList(
      (0-4): 5 x Sequential(
        (0): Linear(in_features=176, out_features=128, bias=True)
        (1): ReLU()
        (2): Dropout(p=0.2, inplace=False)
        (3): Linear(in_features=128, out_features=64, bias=True)
        (4): ReLU()
        (5): Linear(in_features=64, out_features=1, bias=True)
      )
    )
  )
)",0.9917226141143786,0.38944014835989743,0.008277385885621484,0.3948534198151856,0.06915376186403874,0.4448975665539326,"[[-7.33839810e-01 -6.95997834e-01 -3.35227966e-01 -6.58299446e-01
  -7.53864706e-01]
 [ 8.63030404e-02  2.82751694e-02 -2.48222768e-01  1.06769919e-01
   4.49188054e-04]
 [ 1.51651934e-01  7.81029940e-01 -1.60298705e-01  6.19006872e-01
   6.60334945e-01]
 [-1.23048097e-01  2.57690638e-01  2.61168554e-02  1.40793696e-01
   1.57271713e-01]
 [ 1.26513824e-01  3.02596003e-01 -6.88490272e-02  1.96032435e-01
   2.22063795e-01]
 [-4.43843365e-01 -1.80764377e-01 -8.96618009e-01 -1.78079978e-01
  -1.26552820e-01]
 [-7.39342332e-01 -7.43896127e-01 -4.60988402e-01 -7.06072390e-01
  -7.41386712e-01]
 [ 1.00214928e-01  8.13182667e-02  4.25686181e-01  1.75147682e-01
   7.47310817e-02]
 [ 1.10847020e+00 -4.01327401e-01  1.83242992e-01  2.61972487e-01
   2.65365690e-02]
 [-4.26152229e-01 -4.91935462e-01 -3.45770121e-01 -3.91331017e-01
  -4.92693722e-01]
 [ 3.52600217e-02  2.28607774e-01 -2.83075541e-01  1.92205518e-01
   1.06385425e-01]
 [ 3.69629383e-01 -2.61818677e-01  8.11055377e-02  4.66534197e-02
  -4.73619066e-02]
 [-4.40438271e-01 -5.37170291e-01 -2.43445933e-01 -4.06693399e-01
  -4.92484868e-01]
 [ 1.25201869e+00  7.63264298e-01  1.47674978e-01  1.08270395e+00
   9.49197888e-01]
 [ 5.60542941e-03 -6.38135552e-01  8.30470622e-01 -2.53229022e-01
  -3.48110974e-01]
 [ 7.25817144e-01  7.27764010e-01  1.32513201e+00  7.36311853e-01
   7.55451858e-01]
 [-1.21347713e+00 -1.03446734e+00 -1.34023798e+00 -1.13060629e+00
  -1.19809818e+00]
 [-5.09367466e-01 -6.77626610e-01  4.83991504e-01 -5.65123200e-01
  -6.20745122e-01]
 [ 6.44650996e-01  1.01670814e+00  9.60943624e-02  9.84200060e-01
   1.00471592e+00]
 [-3.96461964e-01 -1.71180487e-01 -3.59767079e-01 -1.58002213e-01
  -1.62237927e-01]]","{'train_losses': [1.011622428894043, 0.9938672184944153, 0.976722002029419, 0.9638231992721558, 0.9511944055557251, 0.9312300682067871, 0.9154456853866577, 0.8982619643211365, 0.8864873051643372, 0.8708202242851257, 0.8390117287635803, 0.8157858848571777, 0.8007581233978271, 0.7646015882492065, 0.7654326558113098, 0.7032415866851807, 0.7069651484489441, 0.6584799289703369, 0.5996789336204529, 0.6199809312820435, 0.5773724913597107, 0.5794520974159241, 0.5689947605133057, 0.48365333676338196, 0.46183374524116516, 0.4851318895816803, 0.4227140545845032, 0.4168589413166046, 0.41210347414016724, 0.3971851170063019, 0.36236700415611267, 0.42758259177207947, 0.377849817276001, 0.3911421000957489, 0.3510252833366394, 0.37607064843177795, 0.35380423069000244, 0.3781368136405945, 0.3334328830242157, 0.3455222249031067, 0.3643043637275696, 0.3172612488269806, 0.36393702030181885, 0.3125935196876526, 0.2705855667591095, 0.2951764762401581, 0.29090821743011475, 0.26020485162734985, 0.2834068536758423, 0.2584262490272522, 0.2669953405857086, 0.2723081111907959, 0.2696821987628937, 0.25072628259658813, 0.25402846932411194, 0.25215181708335876, 0.22530652582645416, 0.2836433947086334, 0.2450285255908966, 0.2657378911972046, 0.21933405101299286, 0.22310081124305725, 0.23324033617973328, 0.24278594553470612, 0.2436240315437317, 0.23263154923915863, 0.18086907267570496, 0.19316953420639038, 0.20640426874160767, 0.22120477259159088, 0.23254680633544922, 0.18924115598201752, 0.18561463057994843, 0.1961776167154312, 0.1924465447664261, 0.18454277515411377, 0.16386017203330994, 0.1784471571445465, 0.19515904784202576, 0.15428918600082397, 0.16928398609161377, 0.15043555200099945, 0.16955022513866425, 0.1434144824743271, 0.1637762188911438, 0.15007948875427246, 0.13667845726013184, 0.175545796751976, 0.13838323950767517, 0.17882417142391205, 0.1762126088142395, 0.14218568801879883, 0.17072448134422302, 0.11909733712673187, 0.14473024010658264, 0.12911643087863922, 0.12339646369218826, 0.12586034834384918, 0.15333792567253113, 0.1463111788034439, 0.11351978033781052, 0.13596612215042114, 0.11915978044271469, 0.11138750612735748, 0.11477601528167725, 0.11610737442970276, 0.12589867413043976, 0.09605644643306732, 0.12473944574594498, 0.12322407215833664, 0.12468010187149048, 0.11974775791168213, 0.10596916079521179, 0.12338786572217941, 0.0995691567659378, 0.08005300909280777, 0.09346058964729309, 0.09946933388710022, 0.09869687259197235, 0.11648830771446228, 0.10491983592510223, 0.1140005812048912, 0.08075559139251709, 0.12499219179153442, 0.0827958807349205, 0.08531058579683304, 0.1033877357840538, 0.09361951053142548, 0.08166414499282837, 0.10496676713228226, 0.08060915023088455, 0.09719283133745193, 0.07909970730543137, 0.07977845519781113, 0.09351296722888947, 0.09812303632497787, 0.06542154401540756, 0.07296764105558395, 0.08422298729419708, 0.07331686466932297, 0.08764387667179108, 0.0840199813246727, 0.07410772889852524, 0.09686245024204254, 0.06466521322727203, 0.09978490322828293, 0.0999893918633461, 0.09051206707954407, 0.08624961227178574, 0.07894837856292725, 0.10616926103830338, 0.0765376016497612, 0.07906435430049896, 0.08391931653022766, 0.0634542927145958, 0.07986273616552353, 0.10217304527759552, 0.08241240680217743, 0.079594686627388, 0.09229433536529541, 0.051185671240091324, 0.06845429539680481, 0.06702282279729843, 0.06287762522697449, 0.06661204248666763, 0.0656842514872551, 0.05377855896949768, 0.07286495715379715, 0.04960772395133972, 0.07507091015577316, 0.05902254208922386, 0.05363347381353378, 0.07306810468435287, 0.0510515458881855, 0.05270454287528992, 0.046869732439517975, 0.04093112796545029, 0.0481766052544117, 0.055251192301511765, 0.04779137298464775, 0.06428732722997665, 0.053362831473350525, 0.07364095002412796, 0.04655120149254799, 0.06306619942188263, 0.0549553707242012, 0.05732832849025726, 0.0484539233148098, 0.03806354105472565, 0.05792469531297684, 0.04892032593488693, 0.04816902428865433, 0.05225992202758789, 0.043133754283189774, 0.06688385456800461, 0.04386983811855316, 0.04018298536539078, 0.06097998842597008, 0.05020744726061821, 0.039584338665008545, 0.05048070475459099, 0.05529055744409561, 0.04073378071188927, 0.04608171060681343, 0.05677065998315811, 0.04030359908938408, 0.048975955694913864, 0.04873501509428024, 0.04781904071569443, 0.04297449067234993, 0.041482944041490555, 0.0412185899913311, 0.04727984592318535, 0.04005581885576248, 0.053932879120111465, 0.04636433720588684, 0.05028034746646881, 0.047537315636873245, 0.0470961295068264, 0.04772309213876724, 0.03742847219109535, 0.03994569182395935, 0.05342807248234749, 0.0315832756459713, 0.03451757878065109, 0.03804849088191986, 0.04870158061385155, 0.03315997123718262, 0.03387504070997238, 0.05606607720255852, 0.04512637481093407, 0.04174168035387993, 0.030566997826099396, 0.05038347840309143, 0.03915918990969658, 0.039363592863082886, 0.03341303765773773, 0.0495334230363369, 0.039453309029340744, 0.046266842633485794, 0.042074915021657944, 0.02768130600452423, 0.03224894776940346, 0.033835917711257935, 0.04086022824048996, 0.03031815029680729, 0.054372940212488174, 0.026898037642240524, 0.04206482693552971, 0.044417914003133774, 0.03953637182712555, 0.04257351532578468, 0.03141544759273529, 0.0442584864795208, 0.039538074284791946, 0.032898686826229095, 0.04673982784152031, 0.04568612575531006, 0.03726211562752724, 0.034225642681121826, 0.03804972767829895, 0.030916519463062286, 0.04443930834531784, 0.03707576170563698, 0.04207538440823555, 0.03965596854686737, 0.050551481544971466, 0.033788204193115234, 0.03831379860639572, 0.0470186248421669, 0.053872935473918915, 0.036096762865781784, 0.041378799825906754, 0.03315611183643341, 0.041549962013959885, 0.03762359917163849, 0.04677972197532654, 0.03405927121639252, 0.039609044790267944, 0.03378280997276306, 0.036951079964637756, 0.03663351386785507, 0.04325740784406662, 0.033916424959897995, 0.03691597282886505, 0.0357004776597023, 0.039035893976688385, 0.03749198466539383, 0.03395717963576317, 0.03686178848147392, 0.03986704722046852, 0.034532997757196426, 0.03892103582620621, 0.02181188389658928, 0.02826842851936817, 0.034241996705532074, 0.03256918862462044, 0.028314396739006042, 0.026607373729348183, 0.03241349011659622], 'test_losses': [0.6469263434410095, 0.5747833251953125, 0.542542040348053, 0.42986395955085754, 0.41578352451324463, 0.42343443632125854, 0.40778815746307373, 0.40197211503982544, 0.39137953519821167, 0.3842930495738983, 0.3552820384502411, 0.3809136152267456, 0.356487900018692, 0.3420218825340271, 0.3647325932979584, 0.36983633041381836, 0.31767889857292175, 0.3612779974937439, 0.36269882321357727, 0.3486213684082031, 0.3471589982509613, 0.33795255422592163, 0.37092292308807373, 0.35767862200737, 0.35029032826423645, 0.3846408426761627, 0.3605780303478241, 0.36738285422325134, 0.40140989422798157, 0.39244842529296875], 'train_r2_scores': [0.006310810071351658, 0.18931480688129765, 0.46139056870381207, 0.6480534499384015, 0.7240016235863127, 0.7780925265324253, 0.8213033863673862, 0.8552724688801744, 0.882444554892295, 0.9022284757979545, 0.925616885704281, 0.9412206302378217, 0.9544199482100243, 0.9620790922867437, 0.9630951825614387, 0.9601743168730372, 0.9721741419838746, 0.9758801498125841, 0.9824889235702216, 0.9853233094460059, 0.9857491092206663, 0.9882024984287053, 0.9876395855626093, 0.9891771340745477, 0.9892668341263274, 0.9913675790721559, 0.9890102716920559, 0.990816933087481, 0.9912679829892042, 0.9897889645650284], 'test_r2_scores': [-0.004093429977168883, 0.10858454078855735, 0.15727344390531883, 0.340737417475338, 0.36194879489198273, 0.3487220525992421, 0.37290290344085114, 0.3802146236524129, 0.39850493054616126, 0.40768128209480103, 0.45254283182789495, 0.412163468713793, 0.4509604925340671, 0.4744545561867576, 0.4389862647317758, 0.4312892256626917, 0.512759979071229, 0.4426379793799602, 0.44025587066159666, 0.46405252204547287, 0.4639242661508375, 0.4793632826585039, 0.4277057979742903, 0.45071264583447956, 0.46204165440724043, 0.40625596992432733, 0.44381109799915724, 0.43378935062452373, 0.37968624200693546, 0.3947137814978584], 'learning_rates': [0.001, 0.001, 0.001, 0.001, 0.001, 0.001, 0.001, 0.001, 0.001, 0.001, 0.001, 0.001, 0.001, 0.001, 0.001, 0.001, 0.001, 0.001, 0.001, 0.001, 0.001, 0.001, 0.001, 0.001, 0.001, 0.001, 0.001, 0.001, 0.001, 0.001, 0.001, 0.001, 0.001, 0.001, 0.001, 0.001, 0.001, 0.001, 0.001, 0.001, 0.001, 0.001, 0.001, 0.001, 0.001, 0.001, 0.001, 0.001, 0.001, 0.001, 0.001, 0.001, 0.001, 0.001, 0.001, 0.001, 0.001, 0.001, 0.001, 0.001, 0.001, 0.001, 0.001, 0.001, 0.001, 0.001, 0.001, 0.001, 0.001, 0.001, 0.001, 0.001, 0.001, 0.001, 0.001, 0.001, 0.001, 0.001, 0.001, 0.001, 0.001, 0.001, 0.001, 0.001, 0.001, 0.001, 0.001, 0.001, 0.001, 0.001, 0.001, 0.001, 0.001, 0.001, 0.001, 0.001, 0.001, 0.001, 0.001, 0.001, 0.001, 0.001, 0.001, 0.001, 0.001, 0.001, 0.001, 0.001, 0.001, 0.001, 0.001, 0.001, 0.001, 0.001, 0.001, 0.001, 0.001, 0.001, 0.001, 0.001, 0.001, 0.001, 0.001, 0.001, 0.001, 0.001, 0.001, 0.001, 0.001, 0.001, 0.001, 0.001, 0.001, 0.001, 0.001, 0.001, 0.001, 0.001, 0.001, 0.001, 0.001, 0.001, 0.001, 0.001, 0.001, 0.001, 0.001, 0.001, 0.001, 0.001, 0.001, 0.001, 0.001, 0.001, 0.001, 0.001, 0.001, 0.001, 0.001, 0.001, 0.001, 0.001, 0.001, 0.001, 0.001, 0.001, 0.001, 0.001, 0.001, 0.001, 0.001, 0.001, 0.001, 0.001, 0.001, 0.001, 0.001, 0.001, 0.001, 0.001, 0.001, 0.001, 0.001, 0.001, 0.001, 0.001, 0.001, 0.001, 0.001, 0.001, 0.001, 0.001, 0.001, 0.001, 0.001, 0.001, 0.001, 0.001, 0.001, 0.001, 0.001, 0.001, 0.001, 0.001, 0.001, 0.001, 0.001, 0.001, 0.001, 0.001, 0.001, 0.001, 0.001, 0.001, 0.001, 0.001, 0.001, 0.001, 0.001, 0.001, 0.001, 0.001, 0.001, 0.001, 0.001, 0.001, 0.001, 0.001, 0.001, 0.001, 0.001, 0.001, 0.001, 0.001, 0.001, 0.001, 0.001, 0.001, 0.001, 0.001, 0.001, 0.001, 0.001, 0.001, 0.001, 0.001, 0.001, 0.001, 0.001, 0.001, 0.001, 0.001, 0.001, 0.001, 0.001, 0.001, 0.001, 0.001, 0.001, 0.001, 0.001, 0.001, 0.001, 0.001, 0.001, 0.001, 0.001, 0.001, 0.001, 0.001, 0.001, 0.001, 0.001, 0.001, 0.001, 0.001, 0.001, 0.001, 0.001, 0.001, 0.001, 0.001, 0.001, 0.001, 0.001, 0.001, 0.001, 0.001, 0.001, 0.001, 0.001, 0.001, 0.001, 0.001, 0.001, 0.001, 0.001, 0.001, 0.001, 0.001], 'epochs': 300, 'final_metrics': {'train_mse': 0.008277385885621484, 'test_mse': 0.3948534198151856, 'train_mae': 0.06915376186403874, 'test_mae': 0.4448975665539326, 'train_r2': 0.9917226141143786, 'test_r2': 0.38944014835989743}}"
123,"MultKAN(
  (act_fun): ModuleList(
    (0-1): 2 x KANLayer(
      (base_fun): SiLU()
    )
  )
  (base_fun): SiLU()
  (symbolic_fun): ModuleList(
    (0-1): 2 x Symbolic_KANLayer()
  )
)",0.6346201532415809,-0.6913688118903011,0.36537984675841917,1.0604863479905628,0.41859359600667556,0.7602380810694946,"[[-0.69516456 -0.6074256   0.04177907 -0.7119447  -0.76486975]
 [-0.3868795  -0.2173953   0.04178531 -0.3621586  -0.3755461 ]
 [ 0.17837739  0.04586653  0.04178207  0.11338666  0.12536132]
 [-2.2909586   1.1231219   0.04178492  0.12308532  0.23310483]
 [-0.41262388  0.07004394  0.0417854  -0.08984587 -0.06431553]
 [ 0.16176611  0.03438442  0.04178471  0.18528552  0.2559699 ]
 [-0.24451947 -0.36158356  0.04178453 -0.3158857  -0.28061315]
 [ 0.52499354 -0.13928357  0.04178258  0.15555763  0.20600991]
 [-0.6416898  -0.52888846  0.04179876 -0.6511726  -0.71151423]
 [-0.16288894 -0.3014797   0.04178699 -0.2516201  -0.21684048]
 [ 0.11121163  0.36432904  0.04178642  0.27594048  0.29935908]
 [ 1.5017979   0.15200293  0.04178265  0.72918683  0.75364614]
 [ 0.0420216  -0.29532668  0.04178775 -0.14776692 -0.09592027]
 [-0.3293472  -0.16986401  0.04177877 -0.2392768  -0.23569292]
 [-0.07790774 -0.29586697  0.04177999 -0.20214167 -0.16130634]
 [-0.88049394 -0.4400978   0.04168288 -0.5882101  -0.5453643 ]
 [-0.61499697 -0.5725776   0.04178596 -0.66439974 -0.7068224 ]
 [ 1.6067848   0.19204059  0.04178714  0.7903264   0.80513227]
 [-0.16617626 -0.31409094  0.04178514 -0.16225922 -0.09182628]
 [ 1.6162956   1.4432269   0.04178702  1.6755569   1.6548309 ]]",
456,Linear Regression,0.5640296007984871,0.360279235176578,0.43597039920151304,0.4727792675032676,0.4989104107428536,0.5633849340217982,,
456,Ridge Regression,0.5634276708966418,0.36677084090304124,0.4365723291033582,0.46820750063870975,0.49836975928912236,0.5604394989411057,,
456,Lasso Regression,0.4790993890721788,0.3091944348856475,0.5209006109278211,0.5096974455322694,0.5250424925878937,0.5610390040862875,,
456,Elastic Net,0.5307237621177384,0.3575357042704017,0.4692762378822616,0.4750925268655667,0.5064541872483286,0.5442861521974651,,
456,Random Forest,0.9128865517276512,0.3875428916736139,0.08711344827234886,0.4598984309647324,0.22355864664697145,0.5235622884728224,,
456,Extra Trees,1.0,0.4902170210094828,2.1927369794176417e-30,0.3783989202519736,9.441873611462285e-16,0.4441297574223967,,
456,Gradient Boosting,0.9992557118730427,0.41382361682647345,0.0007442881269572263,0.45045503552458993,0.020982648986021212,0.45012871252068826,,
456,Support Vector Regression,0.6979588365831574,0.5261568032432914,0.3020411634168426,0.35534408132933454,0.2987051550674389,0.4381588562366227,,
456,K-Nearest Neighbors,0.5682167294354639,0.3250275715828342,0.43178327056453625,0.5026589232666256,0.4827646103096317,0.5721859181132671,,
456,Decision Tree,1.0,-0.04024469775634236,0.0,0.7693033273294837,0.0,0.5529508146329063,,
456,TabNet,0.7425059319833817,0.47929210439893666,0.25749406801661845,0.38949947132414603,0.35716353135003703,0.48209814123288297,,
456,"BaseNeuralNetwork(
  (hidden_1): Linear(in_features=8, out_features=10, bias=True)
  (hidden_2): Linear(in_features=10, out_features=100, bias=True)
  (hidden_3): Linear(in_features=100, out_features=10, bias=True)
  (predict): Linear(in_features=10, out_features=5, bias=True)
)",0.9936876105767093,0.5008014768165218,0.006312389423290777,0.3842705630777821,0.05867295768912917,0.39892838587016616,"[[-0.88912547 -0.9836638  -0.5481578  -0.97681534 -1.0036696 ]
 [-0.39475384 -0.20698324 -1.0941387  -0.2638342  -0.15461743]
 [ 1.1849961   0.8435609  -0.6751579   1.0204068   0.88489354]
 [-0.72452545 -0.3891101   0.44581538 -0.52585036 -0.4835568 ]
 [ 0.70280963  0.36212057  0.1329327   0.5650444   0.39743492]
 [ 0.74421155  0.41521704  1.8646731   0.47816366  0.59147465]
 [-1.1814065  -1.1919606  -0.7927246  -1.206937   -1.2588629 ]
 [-1.1056288  -0.5246405  -0.56381524 -0.7569751  -0.698841  ]
 [ 1.2730278   0.19431996  1.0811348   0.7873041   0.6612145 ]
 [-0.61808825 -0.50978243 -0.3992324  -0.6254501  -0.6696676 ]
 [ 1.2215047   0.93489236 -0.14052713  1.1805052   0.9654763 ]
 [ 0.6367232   0.3495599  -0.60483325  0.50636166  0.4067289 ]
 [-0.8633754  -0.7573322  -0.87937593 -0.836232   -0.8925353 ]
 [-1.2034191  -0.8981021  -1.9137831  -1.1709253  -1.1616    ]
 [ 0.46247238  0.8263832   0.01027119  0.6041671   0.65511966]
 [ 0.818488    0.66459495 -0.32819295  0.78970504  0.635007  ]
 [ 0.4875414   0.48901683  0.75522935  0.38387442  0.4365177 ]
 [ 0.0223065   0.03548267 -0.4173578   0.10539201  0.09836417]
 [ 0.4648713   0.535608    0.70349205  0.52847743  0.65599823]
 [ 0.07851833  0.04006034 -0.41034722 -0.01663312 -0.05255772]]","{'train_losses': [1.0434812928239505, 0.9797480925917625, 1.0163807819286983, 1.0054322710881631, 0.8808255841334661, 0.8371722412606081, 0.7985838204622269, 0.8325286470353603, 0.7920428588986397, 0.6925260350108147, 0.6628697166840235, 0.6314303788046042, 0.59837173918883, 0.5653696029136578, 0.5388952431579431, 0.5174084048097333, 0.4887255479892095, 0.474209601059556, 0.46822328120470047, 0.4489611368626356, 0.4719519441326459, 0.40717599354684353, 0.3917706658442815, 0.38325670299430686, 0.39388313827415306, 0.3690886665135622, 0.3626331351697445, 0.3420379860326648, 0.3476413845395048, 0.32830668489138287, 0.33210190044095117, 0.31449929624795914, 0.3485848590110739, 0.31526358736058074, 0.3010392279053728, 0.31014014159639675, 0.2893063315811257, 0.2902950361991922, 0.2915802390004198, 0.2879330239569147, 0.27656322220961255, 0.2705820358047883, 0.35387876133124035, 0.26466338072593015, 0.25942551251500845, 0.2533138527845343, 0.2919720985616247, 0.2481442087640365, 0.2452238746918738, 0.23882252738500634, 0.24107466451823711, 0.23598039615899324, 0.24114209040999413, 0.23082021080578366, 0.2279072580859065, 0.2238407265394926, 0.21719266676033536, 0.21532025405516228, 0.21390756343801817, 0.20859314935902754, 0.28487975367655355, 0.20526928609857956, 0.2052234730993708, 0.19207408651709557, 0.19997819901133576, 0.26574357474843663, 0.18594120101382336, 0.2108976117645701, 0.18188257732739052, 0.17566582948590317, 0.1767374159147342, 0.17772016736368337, 0.17802209531267485, 0.17056350875645876, 0.16742015987013778, 0.17086226136113206, 0.16193755188335976, 0.16268221847712994, 0.1633701507622997, 0.1705561742807428, 0.1769754153986772, 0.1586463366014262, 0.15172163009022674, 0.14918059902265668, 0.1478676201465229, 0.14640568134685358, 0.14234021515585482, 0.14400731523831686, 0.1513868022399644, 0.13900150436287126, 0.1415284505734841, 0.14443419648644826, 0.13504008840148649, 0.13383427790055671, 0.13212492363527417, 0.19818345084786415, 0.1347744407442709, 0.13051776913926005, 0.12958252880101404, 0.12976006573686996, 0.14173094284099838, 0.1254320782609284, 0.12555271604408821, 0.12284886743873358, 0.12196735967881978, 0.1180683068620662, 0.11845638432229559, 0.17747440452997884, 0.11776078570013244, 0.11489489829788606, 0.11327498476020992, 0.1138993698793153, 0.1129628464890023, 0.10993685185288389, 0.10985053097829223, 0.1080289560680588, 0.10726205919248362, 0.10801201763873299, 0.10496567705801378, 0.10363215929828584, 0.10372180235572159, 0.10309460984232525, 0.11093125430246194, 0.10286609828472137, 0.10046711688240369, 0.10555256406466167, 0.09966165929411848, 0.09979635775865366, 0.09451376262586564, 0.09840831067413092, 0.09409681040172775, 0.09336091721585642, 0.09326271060854197, 0.09207747442026933, 0.09466382853376369, 0.09050537707904975, 0.08781581465154886, 0.08685042817766468, 0.0862926645980527, 0.08625293849036098, 0.08622102718800306, 0.08464873256161809, 0.08261075026045243, 0.08243563266781469, 0.08118762630814065, 0.07955069709957267, 0.08081308356486261, 0.07732681565297146, 0.07716323512916763, 0.0775516564026475, 0.07676844473462552, 0.07709292562988897, 0.07568411715328693, 0.07369005431731541, 0.07241305088003476, 0.0719448725770538, 0.0726914337137714, 0.06934874489282568, 0.06868627217287819, 0.06822187112023433, 0.07019249194612105, 0.06780006534730394, 0.06627920068179567, 0.06801281675385933, 0.06435648289819558, 0.06288747823176284, 0.06269933147511135, 0.06318984910224874, 0.05943079839926213, 0.0583240647877877, 0.05949735579391321, 0.06106509050975243, 0.0890686702914536, 0.05666064859057466, 0.05537926595813284, 0.05437655126055082, 0.056295524428909026, 0.05155303069235136, 0.05137884240442266, 0.04952602961566299, 0.05139563991300141, 0.048882299840139844, 0.049258599639870226, 0.04879022389650345, 0.047870504281794034, 0.04560464903867493, 0.04588065791176632, 0.04547366422290603, 0.0454754380043596, 0.04761202447116375, 0.044965533850093685, 0.04111447208561003, 0.040650797076523304, 0.04077514951738218, 0.04101618251297623, 0.04085233722192546, 0.03863493380292008, 0.03820663186100622, 0.036085871940789126, 0.03480200067861006, 0.035803283021474876, 0.03520814670870701, 0.03423669577265779, 0.03470203350298107, 0.03347219565572838, 0.031192045697631936, 0.03096006205305457, 0.028844584051209193, 0.030997669595914584, 0.028730151515143614, 0.02870068788373222, 0.029389915755018592, 0.026113039736325543, 0.027394172890732687, 0.026047719933558255, 0.025640588952228427, 0.025057554788266618, 0.02501237450633198, 0.02410497353412211, 0.02505409368313849, 0.02405925382239123, 0.02176998691478123, 0.028924734758523602, 0.02193154542086025, 0.02037229392832766, 0.022514657738308113, 0.024923046003095806, 0.02278847844960789, 0.021340278598169487, 0.02030974704151352, 0.026651046704500914, 0.02631777385249734, 0.02224487780282895, 0.01950168136196832, 0.024068178414988022, 0.01899444319618245, 0.018537599593400955, 0.016985488939099014, 0.0161537197806562, 0.01601957589931165, 0.015009651387420794, 0.01639113404477636, 0.015522357076406479, 0.015617427493756017, 0.014964558960249027, 0.015405743945545206, 0.013806529343128204, 0.013928204018156976, 0.013177727543128034, 0.01384993603763481, 0.013429968889492253, 0.012317288259509951, 0.01453319644012178, 0.01601640779214601, 0.014737010506602624, 0.01395856278638045, 0.01294670079369098, 0.012567920299867788, 0.015936595931028325, 0.012606168747879565, 0.01537812982375423, 0.01191531156655401, 0.013296891391898194, 0.011214799558122953, 0.012800614446556816, 0.011808754527010024, 0.010953078453894705, 0.01186944004924347, 0.010147063294425607, 0.010409628079893688, 0.011419107225568345, 0.011894861236214638, 0.011480255673329035, 0.009737693064380437, 0.00882565377590557, 0.009606886693897346, 0.009363789383011559, 0.00968397424245874, 0.009355027325606594, 0.010282265294032792, 0.01048288558376953, 0.009324343836245438, 0.009850352381666502, 0.011531362775713205, 0.014328888695066174, 0.01684613285275797, 0.017309781707202394, 0.01890609987700979, 0.012045576004311442, 0.011319209976742664, 0.010444845790819576, 0.009530629652241865, 0.008967926318291575, 0.010192938653441766, 0.008416241345306238, 0.007341829516614477, 0.008901178914432725, 0.006960431637708098, 0.00716345813513423, 0.006771732994820923], 'test_losses': [0.7443013787269592, 0.5047140717506409, 0.4136205315589905, 0.4035370647907257, 0.3873557150363922, 0.3714783191680908, 0.3460109829902649, 0.3414786159992218, 0.33230239152908325, 0.3352106809616089, 0.3413694500923157, 0.3470916450023651, 0.3507388234138489, 0.36156153678894043, 0.36807042360305786, 0.37209320068359375, 0.3732913136482239, 0.37907248735427856, 0.38537541031837463, 0.3865615427494049, 0.385604590177536, 0.3900744616985321, 0.38049572706222534, 0.38653364777565, 0.381084680557251, 0.38116222620010376, 0.38927245140075684, 0.3868216574192047, 0.3781687617301941, 0.38284382224082947], 'train_r2_scores': [-0.005342793821584713, 0.3445174023691072, 0.5769748192227053, 0.6776358373551213, 0.7229370726436686, 0.7605730749866619, 0.79512926582497, 0.8228098384614165, 0.8435304520933717, 0.8600482358649375, 0.8726050913042676, 0.8859034640503587, 0.8963417154343745, 0.9059009780582734, 0.9146463395560241, 0.9239328260228149, 0.9330427375786743, 0.9411559310840525, 0.9510359907697845, 0.9582522693174035, 0.9662247918085963, 0.972487528567739, 0.9780978015034434, 0.9793011066886301, 0.9855631036929792, 0.9879614171696586, 0.9865987652256679, 0.9891400285045628, 0.990522312177481, 0.9919309046882553], 'test_r2_scores': [-0.01960961172531652, 0.3139718533324306, 0.44132800712636355, 0.4535958807840005, 0.475343178893566, 0.49766094101809094, 0.5341152191023368, 0.5419885632848392, 0.5568894939422083, 0.5539129023698408, 0.546815135948692, 0.5401999569278122, 0.5359697890167767, 0.5226674855502212, 0.5140082515212663, 0.5099820566532273, 0.5096103246090347, 0.5023565555004013, 0.4953322612533114, 0.494761258541171, 0.49652531888685747, 0.49165350366085275, 0.50485235046048, 0.4965514548298165, 0.5046179563661328, 0.5047288610591031, 0.49461306891742396, 0.49784470908849576, 0.5070917569099518, 0.5036389793820794], 'epochs': 300, 'final_metrics': {'train_mse': 0.006312389423290777, 'test_mse': 0.3842705630777821, 'train_mae': 0.05867295768912917, 'test_mae': 0.39892838587016616, 'train_r2': 0.9936876105767093, 'test_r2': 0.5008014768165218}}"
456,"ExplainableDBPsModel(
  (feature_extractor): PhysicsInformedFeatureExtractor(
    (group_extractors): ModuleDict(
      (environmental): Sequential(
        (0): Linear(in_features=2, out_features=32, bias=True)
        (1): ReLU()
        (2): Dropout(p=0.1, inplace=False)
      )
      (organic_matter): Sequential(
        (0): Linear(in_features=2, out_features=32, bias=True)
        (1): ReLU()
        (2): Dropout(p=0.1, inplace=False)
      )
      (disinfectant): Sequential(
        (0): Linear(in_features=1, out_features=16, bias=True)
        (1): ReLU()
        (2): Dropout(p=0.1, inplace=False)
      )
      (nitrogen_species): Sequential(
        (0): Linear(in_features=2, out_features=32, bias=True)
        (1): ReLU()
        (2): Dropout(p=0.1, inplace=False)
      )
      (halides): Sequential(
        (0): Linear(in_features=1, out_features=16, bias=True)
        (1): ReLU()
        (2): Dropout(p=0.1, inplace=False)
      )
    )
    (chemistry_encoder): Sequential(
      (0): Linear(in_features=3, out_features=16, bias=True)
      (1): ReLU()
      (2): Dropout(p=0.1, inplace=False)
    )
    (interaction_extractor): Sequential(
      (0): Linear(in_features=144, out_features=64, bias=True)
      (1): ReLU()
      (2): Dropout(p=0.2, inplace=False)
      (3): Linear(in_features=64, out_features=32, bias=True)
    )
  )
  (attention): AttentionMechanism(
    (attention): Sequential(
      (0): Linear(in_features=144, out_features=72, bias=True)
      (1): ReLU()
      (2): Linear(in_features=72, out_features=5, bias=True)
      (3): Softmax(dim=1)
    )
  )
  (predictor): DBPsSpecificPredictor(
    (predictors): ModuleList(
      (0-4): 5 x Sequential(
        (0): Linear(in_features=176, out_features=128, bias=True)
        (1): ReLU()
        (2): Dropout(p=0.2, inplace=False)
        (3): Linear(in_features=128, out_features=64, bias=True)
        (4): ReLU()
        (5): Linear(in_features=64, out_features=1, bias=True)
      )
    )
  )
)",0.9901339452735556,0.4523123473226023,0.009866054726444343,0.4200797740586434,0.07752647519370615,0.42528557004025946,"[[-9.2164564e-01 -1.0793353e+00 -5.0814718e-01 -9.2588365e-01
  -1.0066696e+00]
 [-5.1073998e-01 -3.2185206e-01 -1.0742831e+00 -3.0098203e-01
  -2.0478417e-01]
 [ 4.9126253e-01  7.7941090e-01 -2.0497179e-01  6.8657547e-01
   5.8741248e-01]
 [-2.9341751e-01  8.3588138e-03  6.1995536e-01 -5.9869029e-02
  -5.6150164e-02]
 [ 7.4534369e-01  6.4638716e-01  1.9898944e+00  7.2528219e-01
   7.9906416e-01]
 [ 5.5777854e-01  2.6750287e-01  2.2043707e+00  4.3782452e-01
   4.7249249e-01]
 [-1.0855051e+00 -1.2291754e+00 -6.4700347e-01 -1.1068451e+00
  -1.1692851e+00]
 [-5.4301310e-01 -4.8861620e-01 -1.0325882e-01 -4.1618833e-01
  -4.9496165e-01]
 [ 1.1484275e+00 -2.2106084e-01  1.4333665e+00  4.4149995e-01
   4.5045736e-01]
 [-7.1951044e-01 -7.3431319e-01 -4.4962072e-01 -6.6198039e-01
  -6.9735563e-01]
 [-5.4914802e-02  2.0640180e-02  2.6638710e+00  6.3093528e-02
   2.6070055e-01]
 [ 8.7531716e-02  6.9111802e-02 -2.4947965e-01  1.3378206e-01
   5.9458941e-02]
 [-8.8731831e-01 -9.8890430e-01 -5.5410677e-01 -9.2314899e-01
  -8.9513516e-01]
 [-7.9557717e-01 -5.7368928e-01 -4.7674519e-01 -6.3299692e-01
  -6.7962396e-01]
 [ 2.3207012e-01  9.2762625e-01 -2.0483732e-03  7.0660233e-01
   7.9549050e-01]
 [ 3.9868239e-01  4.3835458e-01  2.1176283e+00  5.1146501e-01
   6.4907444e-01]
 [-2.3039164e-02  3.4294668e-01 -2.9925564e-01  1.6921329e-01
   8.2988858e-02]
 [-1.2043072e-02  6.1681129e-02 -3.9008921e-01  1.2125842e-01
   1.0052459e-01]
 [ 7.8482771e-01  1.2964566e+00  1.2866545e-01  1.1777240e+00
   1.2459819e+00]
 [ 7.9550192e-02 -2.0235926e-02 -2.4434158e-01  5.2029449e-02
  -6.9037452e-03]]","{'train_losses': [1.0011061429977417, 0.9935737252235413, 0.9733067750930786, 0.9623149037361145, 0.9539709091186523, 0.9336981773376465, 0.9214579463005066, 0.9060423970222473, 0.8835933804512024, 0.8617048263549805, 0.8654163479804993, 0.8136565089225769, 0.8038400411605835, 0.7681977152824402, 0.7540622353553772, 0.7036325335502625, 0.6996760964393616, 0.6423598527908325, 0.652777373790741, 0.5794342160224915, 0.5847293138504028, 0.49868640303611755, 0.5406697988510132, 0.540992021560669, 0.537765622138977, 0.4966587722301483, 0.483379989862442, 0.47580084204673767, 0.47476518154144287, 0.4092552661895752, 0.44391050934791565, 0.4441073536872864, 0.4282296597957611, 0.3811001479625702, 0.41380923986434937, 0.39689451456069946, 0.4194747507572174, 0.41343235969543457, 0.38958510756492615, 0.36557111144065857, 0.38626614212989807, 0.34779128432273865, 0.35356584191322327, 0.35936635732650757, 0.32976970076560974, 0.32701900601387024, 0.3484528958797455, 0.2982598543167114, 0.29047825932502747, 0.3329804539680481, 0.33639055490493774, 0.31412816047668457, 0.2763459384441376, 0.28781068325042725, 0.27684512734413147, 0.2992107570171356, 0.3040565252304077, 0.2908649146556854, 0.2677809000015259, 0.2649705111980438, 0.29540950059890747, 0.2616220712661743, 0.2404245287179947, 0.2509284019470215, 0.2327495962381363, 0.23290380835533142, 0.23529879748821259, 0.24862055480480194, 0.23134858906269073, 0.22006700932979584, 0.2527744174003601, 0.2124296873807907, 0.21520401537418365, 0.20324604213237762, 0.21724186837673187, 0.18174077570438385, 0.23707059025764465, 0.18928487598896027, 0.21678300201892853, 0.14323174953460693, 0.18057800829410553, 0.17220903933048248, 0.19202440977096558, 0.1614106446504593, 0.20592868328094482, 0.16388487815856934, 0.206124410033226, 0.18938378989696503, 0.1877116858959198, 0.1468673050403595, 0.1685488075017929, 0.19387122988700867, 0.1799248456954956, 0.16047224402427673, 0.20428189635276794, 0.11629124730825424, 0.1695050597190857, 0.15112467110157013, 0.1677393913269043, 0.13656304776668549, 0.1514439880847931, 0.13021501898765564, 0.1352391541004181, 0.11358056217432022, 0.16226591169834137, 0.10318363457918167, 0.15120625495910645, 0.15144892036914825, 0.14464466273784637, 0.12492405623197556, 0.12327359616756439, 0.11588796973228455, 0.1039728969335556, 0.12366806715726852, 0.11675132811069489, 0.1513778567314148, 0.10611487925052643, 0.11596197634935379, 0.06564632058143616, 0.11814852058887482, 0.10409253090620041, 0.08436865359544754, 0.14236889779567719, 0.1018248200416565, 0.12122707813978195, 0.13283707201480865, 0.11674521118402481, 0.09114537388086319, 0.10835692286491394, 0.07328935712575912, 0.10503525286912918, 0.08154087513685226, 0.10746834427118301, 0.0936528667807579, 0.09131798148155212, 0.11603102087974548, 0.0811048224568367, 0.09672015905380249, 0.09044903516769409, 0.10562850534915924, 0.09522827714681625, 0.07228316366672516, 0.0933607816696167, 0.10302037745714188, 0.10371251404285431, 0.07706419378519058, 0.08464362472295761, 0.0741671770811081, 0.08827582746744156, 0.08257748186588287, 0.0659610778093338, 0.07622232288122177, 0.07755697518587112, 0.06529510766267776, 0.07707952708005905, 0.08597901463508606, 0.13212962448596954, 0.07111848145723343, 0.07695319503545761, 0.06218455731868744, 0.08269435912370682, 0.08787919580936432, 0.06573241204023361, 0.06841263175010681, 0.062031734734773636, 0.07879944145679474, 0.06007614731788635, 0.04977498948574066, 0.09488816559314728, 0.06332670152187347, 0.05401038005948067, 0.07614320516586304, 0.06159687787294388, 0.056327641010284424, 0.07611403614282608, 0.0671084076166153, 0.06783602386713028, 0.05867288261651993, 0.06182410940527916, 0.0733581930398941, 0.059184812009334564, 0.0507238544523716, 0.07152131199836731, 0.07943214476108551, 0.0654006376862526, 0.06917224824428558, 0.06243528798222542, 0.053861066699028015, 0.0619383379817009, 0.054810989648103714, 0.07979521155357361, 0.06512045860290527, 0.05492381751537323, 0.04693044349551201, 0.06773391366004944, 0.04832823574542999, 0.0816192701458931, 0.04604610800743103, 0.048866964876651764, 0.0440540686249733, 0.06480332463979721, 0.06420830637216568, 0.058082856237888336, 0.05633263662457466, 0.0536288246512413, 0.0696272999048233, 0.08275288343429565, 0.041923537850379944, 0.05698099732398987, 0.057618364691734314, 0.05914299562573433, 0.06351952999830246, 0.043704401701688766, 0.08708208799362183, 0.05524805560708046, 0.07347169518470764, 0.04138379544019699, 0.04347805678844452, 0.05912110581994057, 0.04917025566101074, 0.061459776014089584, 0.03986835479736328, 0.04226011410355568, 0.04006918519735336, 0.06010149419307709, 0.04317401349544525, 0.04685451462864876, 0.0472615510225296, 0.06378932297229767, 0.04180297628045082, 0.0646839290857315, 0.05015047639608383, 0.049579918384552, 0.04009587690234184, 0.041321489959955215, 0.051220934838056564, 0.0445830337703228, 0.04333038628101349, 0.05728364735841751, 0.0584714412689209, 0.05079583823680878, 0.05929740145802498, 0.04218354821205139, 0.04386759176850319, 0.058001212775707245, 0.05434294044971466, 0.0742967501282692, 0.06338515132665634, 0.04635637626051903, 0.05405949056148529, 0.0702591985464096, 0.052961062639951706, 0.05747496709227562, 0.049798980355262756, 0.04681519418954849, 0.08762020617723465, 0.038840923458337784, 0.03979933261871338, 0.03721043840050697, 0.04885903373360634, 0.05068628862500191, 0.04065841808915138, 0.04716828837990761, 0.04251383990049362, 0.03526938334107399, 0.05603532865643501, 0.0395757257938385, 0.042267169803380966, 0.04458388686180115, 0.053418759256601334, 0.03655598312616348, 0.04117201268672943, 0.054265156388282776, 0.049508195370435715, 0.050748858600854874, 0.039269909262657166, 0.04256119206547737, 0.056264642626047134, 0.04778854176402092, 0.03981633484363556, 0.04072503000497818, 0.04287025332450867, 0.034364841878414154, 0.034385062754154205, 0.036389000713825226, 0.033953238278627396, 0.036093633621931076, 0.0334223210811615, 0.0397074818611145, 0.060475192964076996, 0.03934190794825554, 0.0493011400103569, 0.04493191838264465, 0.029168952256441116, 0.032737523317337036, 0.037775829434394836, 0.03127041086554527, 0.036366064101457596, 0.036692555993795395, 0.03534897044301033], 'test_losses': [0.7287363409996033, 0.6130080223083496, 0.4827190935611725, 0.4542671740055084, 0.3937055766582489, 0.37136614322662354, 0.369669646024704, 0.3636409342288971, 0.361867755651474, 0.37286242842674255, 0.38974565267562866, 0.36766767501831055, 0.3576797544956207, 0.4242449104785919, 0.410136342048645, 0.3528141677379608, 0.34123945236206055, 0.4024612009525299, 0.3957744538784027, 0.37757155299186707, 0.40338557958602905, 0.38054192066192627, 0.39318138360977173, 0.4305901527404785, 0.38081854581832886, 0.39707672595977783, 0.39389875531196594, 0.40538373589515686, 0.39412394165992737, 0.3766218423843384], 'train_r2_scores': [0.009509697503827663, 0.19342226247791686, 0.46143725320323387, 0.5863762032926096, 0.672992918609666, 0.7374549687262922, 0.7893715857625987, 0.8313618835002797, 0.873323843743415, 0.8983022275337011, 0.9175869498685001, 0.9306661884755556, 0.9461290302734163, 0.9556657187322555, 0.9564136404794755, 0.9655782184292228, 0.9698762850071067, 0.9726657381318086, 0.9800365864629776, 0.9827710505035243, 0.9808976270659635, 0.9851660450081537, 0.9833953909969686, 0.9873167265079299, 0.9877762217948514, 0.9833536438829966, 0.9858991820730063, 0.9886938160453479, 0.9918350981823355, 0.99083705736311], 'test_r2_scores': [0.001332856355295653, 0.16522027363886832, 0.34989668746459, 0.3867813534361095, 0.47141727529152905, 0.5041680051054372, 0.508541214613891, 0.5199772743240325, 0.5225318720392584, 0.5060597000681865, 0.48992136443125184, 0.5164425226054565, 0.5297278926780621, 0.4474917641136026, 0.46017362934341594, 0.5369215434851144, 0.5509693631991673, 0.47527789391251973, 0.48435567750035613, 0.503821959732842, 0.4726351965575878, 0.5000949617306399, 0.48300889621502563, 0.4379035044614872, 0.49829817128006815, 0.47772467336305, 0.48413954366673123, 0.4693472772453532, 0.48194500788521905, 0.5046649213785098], 'learning_rates': [0.001, 0.001, 0.001, 0.001, 0.001, 0.001, 0.001, 0.001, 0.001, 0.001, 0.001, 0.001, 0.001, 0.001, 0.001, 0.001, 0.001, 0.001, 0.001, 0.001, 0.001, 0.001, 0.001, 0.001, 0.001, 0.001, 0.001, 0.001, 0.001, 0.001, 0.001, 0.001, 0.001, 0.001, 0.001, 0.001, 0.001, 0.001, 0.001, 0.001, 0.001, 0.001, 0.001, 0.001, 0.001, 0.001, 0.001, 0.001, 0.001, 0.001, 0.001, 0.001, 0.001, 0.001, 0.001, 0.001, 0.001, 0.001, 0.001, 0.001, 0.001, 0.001, 0.001, 0.001, 0.001, 0.001, 0.001, 0.001, 0.001, 0.001, 0.001, 0.001, 0.001, 0.001, 0.001, 0.001, 0.001, 0.001, 0.001, 0.001, 0.001, 0.001, 0.001, 0.001, 0.001, 0.001, 0.001, 0.001, 0.001, 0.001, 0.001, 0.001, 0.001, 0.001, 0.001, 0.001, 0.001, 0.001, 0.001, 0.001, 0.001, 0.001, 0.001, 0.001, 0.001, 0.001, 0.001, 0.001, 0.001, 0.001, 0.001, 0.001, 0.001, 0.001, 0.001, 0.001, 0.001, 0.001, 0.001, 0.001, 0.001, 0.001, 0.001, 0.001, 0.001, 0.001, 0.001, 0.001, 0.001, 0.001, 0.001, 0.001, 0.001, 0.001, 0.001, 0.001, 0.001, 0.001, 0.001, 0.001, 0.001, 0.001, 0.001, 0.001, 0.001, 0.001, 0.001, 0.001, 0.001, 0.001, 0.001, 0.001, 0.001, 0.001, 0.001, 0.001, 0.001, 0.001, 0.001, 0.001, 0.001, 0.001, 0.001, 0.001, 0.001, 0.001, 0.001, 0.001, 0.001, 0.001, 0.001, 0.001, 0.001, 0.001, 0.001, 0.001, 0.001, 0.001, 0.001, 0.001, 0.001, 0.001, 0.001, 0.001, 0.001, 0.001, 0.001, 0.001, 0.001, 0.001, 0.001, 0.001, 0.001, 0.001, 0.001, 0.001, 0.001, 0.001, 0.001, 0.001, 0.001, 0.001, 0.001, 0.001, 0.001, 0.001, 0.001, 0.001, 0.001, 0.001, 0.001, 0.001, 0.001, 0.001, 0.001, 0.001, 0.001, 0.001, 0.001, 0.001, 0.001, 0.001, 0.001, 0.001, 0.001, 0.001, 0.001, 0.001, 0.001, 0.001, 0.001, 0.001, 0.001, 0.001, 0.001, 0.001, 0.001, 0.001, 0.001, 0.001, 0.001, 0.001, 0.001, 0.001, 0.001, 0.001, 0.001, 0.001, 0.001, 0.001, 0.001, 0.001, 0.001, 0.001, 0.001, 0.001, 0.001, 0.001, 0.001, 0.001, 0.001, 0.001, 0.001, 0.001, 0.001, 0.001, 0.001, 0.001, 0.001, 0.001, 0.001, 0.001, 0.001, 0.001, 0.001, 0.001, 0.001, 0.001, 0.001, 0.001, 0.001, 0.001, 0.001, 0.001, 0.001, 0.001, 0.001, 0.001, 0.001, 0.001, 0.001, 0.001, 0.001, 0.001, 0.001, 0.001, 0.001, 0.001, 0.001, 0.001], 'epochs': 300, 'final_metrics': {'train_mse': 0.009866054726444343, 'test_mse': 0.4200797740586434, 'train_mae': 0.07752647519370615, 'test_mae': 0.42528557004025946, 'train_r2': 0.9901339452735556, 'test_r2': 0.4523123473226023}}"
456,"MultKAN(
  (act_fun): ModuleList(
    (0-1): 2 x KANLayer(
      (base_fun): SiLU()
    )
  )
  (base_fun): SiLU()
  (symbolic_fun): ModuleList(
    (0-1): 2 x Symbolic_KANLayer()
  )
)",0.5397053633227848,0.18243216754690464,0.46029463667721515,0.6012734343165149,0.5271396528207655,0.6004419958898218,"[[-0.66107506 -0.37296143 -0.11135165 -0.74882543 -0.8315115 ]
 [ 0.668895   -0.20772605 -0.4674435   0.77866715  0.80420727]
 [ 0.10732888  0.2964791   1.7805141  -0.05854737 -0.10813264]
 [-0.5448483  -0.22628613 -0.4609627  -0.64267546 -0.72088444]
 [-0.31285438  0.2622345   1.7692201  -0.4249738  -0.5031541 ]
 [-0.6613167   0.01624571  0.74357283 -0.74957263 -0.83340055]
 [-0.6654268  -0.37837952 -0.3221296  -0.7531184  -0.83653545]
 [-0.6477138  -0.1099764  -0.10342837 -0.7372743  -0.8213834 ]
 [-0.05672747 -0.26965842 -0.1839647  -0.19084449 -0.25857395]
 [-0.38628748 -0.17179088 -0.49248907 -0.4935319  -0.57364386]
 [ 0.32203645  0.20244223  1.403261    0.09701657  0.11145947]
 [ 0.33605066  0.06827035  0.652434    0.11408468  0.13605374]
 [-0.27239594 -0.27758938 -0.04332221 -0.40020886 -0.47255775]
 [ 0.16686101 -0.32742807 -0.24400455 -0.0202342  -0.05575475]
 [ 0.33690348 -0.21894938 -0.5061344   0.30538076  0.35647655]
 [ 0.35095897  0.04941176  0.5479033   0.14857031  0.1847215 ]
 [ 0.22062697  0.13123684  1.0836953   0.01533123 -0.00562664]
 [ 0.7427393  -0.08590627 -0.3183348   0.8625364   0.8831458 ]
 [ 0.3481455   0.33835557  1.8615786   0.33913815  0.38877177]
 [ 0.25614166 -0.28801405 -0.04473452  0.04057319  0.03028303]]",
789,Linear Regression,0.5469581520283195,0.2782582058014114,0.4530418479716804,0.9717178920988927,0.5218230293798878,0.6258951876579991,,
789,Ridge Regression,0.5461325720229706,0.2897349158972943,0.45386742797702934,0.9636984070967355,0.5226241155862223,0.6219584008362039,,
789,Lasso Regression,0.4644138455530628,0.16064889197430612,0.5355861544469371,1.0838997089178397,0.5531515030392009,0.6722753383201417,,
789,Elastic Net,0.5088625078807889,0.2370101916829393,0.49113749211921115,1.0135164295758203,0.5330334754107947,0.6360211725063355,,
789,Random Forest,0.9112835561039787,0.1787145185922073,0.08871644389602135,0.9882384252339408,0.21412474406916743,0.6237221211015632,,
789,Extra Trees,1.0,0.3148831609924014,1.9268513945787668e-30,0.8894897458800954,9.462765715933834e-16,0.533625218515868,,
789,Gradient Boosting,0.9992025008006966,0.13076227147100583,0.0007974991993035573,1.0200368723132252,0.02100421500008854,0.6019204201257707,,
789,Support Vector Regression,0.721123740246636,0.4531626084728826,0.2788762597533641,0.8137312795634983,0.3194506952298275,0.4982722267128118,,
789,K-Nearest Neighbors,0.5337279592844913,0.1364076871209362,0.46627204071550865,1.0441691449378119,0.5259539438232924,0.7046603433203267,,
789,Decision Tree,1.0,-0.15961903764403243,0.0,1.3615026228827998,0.0,0.7021219389812886,,
789,TabNet,0.6711770602272364,0.5480431174252709,0.32882293977276367,0.7417836186111179,0.4448333709044315,0.5111622709139053,,
789,"BaseNeuralNetwork(
  (hidden_1): Linear(in_features=8, out_features=10, bias=True)
  (hidden_2): Linear(in_features=10, out_features=100, bias=True)
  (hidden_3): Linear(in_features=100, out_features=10, bias=True)
  (predict): Linear(in_features=10, out_features=5, bias=True)
)",0.9921811580666476,0.18407948532246315,0.007818841933352432,1.1274503974081465,0.06357126460411963,0.6083815071999296,"[[-3.1312892e-01 -1.0417256e-01 -5.3127587e-01 -1.6197725e-01
  -6.5124772e-02]
 [-7.7329135e-01 -6.5119106e-01  1.3118342e+00 -7.0383698e-01
  -5.0849789e-01]
 [-1.1250210e+00 -9.7605485e-01 -1.0907968e+00 -1.1011021e+00
  -1.0860864e+00]
 [ 5.3905809e-01  1.9515857e-01  1.5250587e+00  3.3335590e-01
   3.3652765e-01]
 [ 3.6466980e-01 -4.4482097e-01  1.8933627e-01 -1.1416379e-01
  -1.7916821e-01]
 [-1.3442008e+00 -1.2337918e+00 -9.6250081e-01 -1.3425639e+00
  -1.2981219e+00]
 [-2.1585211e-02  1.9970089e-03 -1.6471176e-01 -2.2632692e-02
  -3.6968004e-02]
 [-1.0223371e-01 -3.0684406e-01  5.0803646e-02 -2.4560878e-01
  -2.5318485e-01]
 [ 8.7548673e-01  1.1625276e+00 -3.0862325e-01  1.0450996e+00
   9.2887330e-01]
 [-3.8421473e-01  3.0427173e-01  4.1265163e-01 -1.4264486e-02
   3.6679238e-02]
 [-1.6709512e-01  4.5756859e-01 -5.7407421e-01  1.7589609e-01
   9.3168855e-02]
 [-6.3465810e-01 -6.1023921e-01 -5.2497886e-02 -6.7277294e-01
  -6.3694406e-01]
 [-1.5901181e-01  3.3362180e-02 -4.7926351e-01 -1.1694449e-02
   9.2405736e-02]
 [-7.7799881e-01 -9.1451234e-01  1.0156609e+00 -8.9624202e-01
  -8.5797787e-01]
 [-1.3384295e+00 -1.2131280e+00 -1.6836339e+00 -1.3345945e+00
  -1.3417579e+00]
 [-5.0895250e-01 -2.8631428e-01 -1.4973034e+00 -3.3899504e-01
  -2.3606341e-01]
 [ 4.2209435e-01  2.0471320e-01  1.7764689e+00  3.1440434e-01
   2.9505807e-01]
 [ 9.6263319e-02  4.4620737e-01  6.9772720e-02  2.8302944e-01
   1.5598446e-01]
 [-1.7030045e+00 -1.4890555e+00 -2.4233482e+00 -1.6817133e+00
  -1.8661017e+00]
 [-9.3449974e-01 -7.9796016e-01 -6.9194996e-01 -9.0599811e-01
  -9.0509790e-01]]","{'train_losses': [1.024528945485751, 1.0949135298530261, 1.0137427598237991, 0.995123083392779, 1.0016034245491028, 0.976101474215587, 0.9880886375904083, 1.0217701196670532, 1.0217490270733833, 1.0140619178613026, 0.9123869972924391, 0.9009116031229496, 0.8558168858289719, 0.8303985508779684, 0.7973349367578825, 0.7838563993573189, 0.7091795429587364, 0.6965027861297131, 0.6371182215710481, 0.566098834698399, 0.5000867222746214, 0.482078418135643, 0.4504647192855676, 0.4022980084021886, 0.38114936525623005, 0.41101740549008053, 0.3586787556608518, 0.3381248824298382, 0.33100082725286484, 0.3242686887582143, 0.31827114274104434, 0.2941050852338473, 0.28313922059411806, 0.29869884935518104, 0.26939818418274325, 0.26709273519615334, 0.26010733594497043, 0.2526194726427396, 0.24544238982101282, 0.25554724611962837, 0.24471213730672994, 0.2453407651434342, 0.24894432288904986, 0.2202896618594726, 0.2088533335675796, 0.20434212405234575, 0.21288185473531485, 0.21233781489233175, 0.182333343817542, 0.18151638687898716, 0.18046212693055472, 0.17361540533602238, 0.1719974602262179, 0.17738638569911322, 0.15922635234892368, 0.15907141038527092, 0.15874600037932396, 0.15731171083947024, 0.15338644540558258, 0.1418469501659274, 0.1435691018899282, 0.1384106089050571, 0.13816963291416565, 0.13336767566700777, 0.1273358203470707, 0.12420479177186887, 0.12890998413786292, 0.12883141140143076, 0.12352112711717685, 0.11541382595896721, 0.11538870849957068, 0.1115227653644979, 0.10578445220987003, 0.1053598082313935, 0.11168878649671872, 0.10247923247516155, 0.09994127787649632, 0.09579836530610919, 0.09905867123355468, 0.08896289688224594, 0.089221458726873, 0.09876652962217729, 0.08828018729885419, 0.0874505036820968, 0.08166415213296811, 0.09101610599706571, 0.07681392272934318, 0.07772594985241692, 0.07804065756499767, 0.08023704557369153, 0.07765285888065894, 0.07608090123782556, 0.07170724403113127, 0.0702501490401725, 0.072574058547616, 0.06885199745496114, 0.06735305891682704, 0.0642763286208113, 0.06409331473211448, 0.061304377702375255, 0.05973467494671544, 0.059889165218919516, 0.05998542346060276, 0.06561033443237345, 0.05854454504636427, 0.054018058658887945, 0.05585703424488505, 0.054509789838145174, 0.055703450459986925, 0.0526808542975535, 0.059283823162938155, 0.05125812084103624, 0.05194049794226885, 0.052377584700783096, 0.04888057196512818, 0.05166963208466768, 0.047986637063634895, 0.05107188783586025, 0.048837089290221534, 0.043285917568330966, 0.04753097565844655, 0.0453126709908247, 0.047712483598540224, 0.04603351055023571, 0.043100520657996334, 0.04133751476183534, 0.041912225230286516, 0.04285020645086964, 0.045336658445497356, 0.04099740833044052, 0.040821126429364085, 0.04125152093668779, 0.04316073562949896, 0.04213671983840565, 0.03753422798278431, 0.03914204045819739, 0.03791868252058824, 0.03718251005435983, 0.03721101442351937, 0.03539565267662207, 0.0353265549056232, 0.034035606193356216, 0.034352603290850915, 0.03367476584389806, 0.0336902003424863, 0.03399172409748038, 0.03143751706617574, 0.03349688525001208, 0.031199192550654214, 0.031959241799389325, 0.03353350314622124, 0.033457640558481216, 0.03528794188362857, 0.0328548156345884, 0.031218443376322586, 0.030843746460353334, 0.031587121775373816, 0.03129183555332323, 0.02810689783655107, 0.029121316270902753, 0.029696982509146135, 0.03012731783868124, 0.0314208350609988, 0.02910372467401127, 0.03164932713843882, 0.028067664243280888, 0.02697956026531756, 0.025286804419010878, 0.025438426450515788, 0.024969202388698857, 0.026406527884925406, 0.0261052957115074, 0.0263690830518802, 0.025180057312051456, 0.02614998798041294, 0.026818156708031893, 0.025888096075505018, 0.024757770045349996, 0.023129677632823586, 0.024151015793904662, 0.022942107326040666, 0.023831650304297607, 0.02764580282382667, 0.024133275301816564, 0.022312576455685, 0.021237835520878434, 0.020596319731945794, 0.02378818338426451, 0.019818551217516262, 0.020985076824824016, 0.021150726863803964, 0.01947091120140006, 0.02026857389137149, 0.019740049067574244, 0.020080465745801728, 0.02049950824584812, 0.02195367480938633, 0.018401111670148868, 0.019518331120101113, 0.01772367946493129, 0.018476824858225882, 0.017788729824436206, 0.01804778034177919, 0.019434820821819205, 0.01778728881618008, 0.017261444629790883, 0.016882857540622354, 0.01740303817981233, 0.016521009112087388, 0.0172586302117755, 0.01689326821360737, 0.015971272756966453, 0.01689317593506227, 0.01720311966103812, 0.016802078112959862, 0.015886028452465933, 0.01655689615290612, 0.015592456446029246, 0.016010267194360495, 0.014727964415214956, 0.015910577223015327, 0.01435866168079277, 0.01449427439365536, 0.014556837927860519, 0.015866650055007387, 0.015171638612324992, 0.014202011671538154, 0.014779814324962596, 0.013708322076126933, 0.014153732937605431, 0.01461362699046731, 0.017437205882743, 0.014659046622303626, 0.014252192030350367, 0.012889492985171577, 0.0135771314574716, 0.012785611868215105, 0.013503608313233903, 0.012715713392632702, 0.012629686815974614, 0.014115945242034892, 0.01593428539733092, 0.015338525564099351, 0.012722970044706017, 0.012721432508745542, 0.011809283712257942, 0.011981932950826982, 0.011847961558184275, 0.011308832423916707, 0.012015774535636107, 0.01197914177707086, 0.012154715271511426, 0.011284490678614626, 0.011239392023223141, 0.010768444083320597, 0.011819848247493306, 0.012282355572097003, 0.011398235694893325, 0.010956444738743206, 0.0114507056811514, 0.010839920161136737, 0.010635211578725526, 0.010380148130934685, 0.011393216632617017, 0.010295542519694815, 0.009631744450113425, 0.01026696952370306, 0.01074261162041997, 0.010012940232021114, 0.010069102010068795, 0.009629412127348283, 0.008878711067760984, 0.009065482726631066, 0.0086393200714762, 0.0092408685789754, 0.008230277861002833, 0.009173001007487377, 0.008843401505146176, 0.008972604293376207, 0.00850500447753196, 0.009105483652092516, 0.008557120784341047, 0.009206607491554072, 0.01125946887380754, 0.011620018786440292, 0.008989616355393082, 0.008443468095113834, 0.008525980093205968, 0.007150269972044043, 0.007753732594816635, 0.007160885899793357, 0.007522415311541408, 0.006861185363959521, 0.007884836503459761, 0.011802376112124572, 0.012437597945487747, 0.010762999998405576, 0.008427485328866169, 0.007494896766729653, 0.007146606891183183], 'test_losses': [1.2945448160171509, 1.1434218883514404, 0.8361656069755554, 0.8485754132270813, 0.8226038217544556, 0.8348646759986877, 0.8392976522445679, 0.8691569566726685, 0.8753127455711365, 0.9328240156173706, 0.9525148868560791, 0.9938262701034546, 1.0010484457015991, 0.9960941076278687, 1.0235368013381958, 1.0551109313964844, 1.0636790990829468, 1.0518484115600586, 1.0591702461242676, 1.097499966621399, 1.1024248600006104, 1.0925785303115845, 1.09633207321167, 1.0875760316848755, 1.1140743494033813, 1.1173627376556396, 1.1406062841415405, 1.1361619234085083, 1.1352128982543945, 1.1456844806671143], 'train_r2_scores': [-0.035670903694710224, 0.08528839554066672, 0.5074118282232674, 0.6986834676436555, 0.768106226159422, 0.8268325151602344, 0.8628764757060118, 0.8921521089428734, 0.911890815567655, 0.9298841426122708, 0.9421921457386956, 0.9494624366539345, 0.9575240416144635, 0.9612044716489188, 0.9665845238864043, 0.9702446029846499, 0.9732475617476115, 0.9763809345153485, 0.9777764928020733, 0.9794575690395476, 0.9824763444168655, 0.9844297437655456, 0.9860165225337354, 0.98591571623658, 0.9881990155156611, 0.9895078306913525, 0.9905094269535416, 0.9914413876061541, 0.9922256298222092, 0.9931986322353474], 'test_r2_scores': [-0.12777610398339906, 0.076001597055008, 0.42469155853638807, 0.45344226658342235, 0.4644670539210655, 0.4652370032696516, 0.45828259245232755, 0.4314645135315402, 0.4195920844583494, 0.36589842025741703, 0.3491322884458417, 0.311229057927933, 0.30346297581218484, 0.3010570585594262, 0.2758697291973761, 0.2518872126384811, 0.24194311104326305, 0.2469868705691863, 0.24720574299357106, 0.20611779158051613, 0.21124103224616086, 0.21130407312246363, 0.21215182576082975, 0.21545637945755533, 0.19328169405899304, 0.19125081403436725, 0.1695652114680663, 0.1746698045301038, 0.17225489719482534, 0.1637557085591883], 'epochs': 300, 'final_metrics': {'train_mse': 0.007818841933352432, 'test_mse': 1.1274503974081465, 'train_mae': 0.06357126460411963, 'test_mae': 0.6083815071999296, 'train_r2': 0.9921811580666476, 'test_r2': 0.18407948532246315}}"
789,"ExplainableDBPsModel(
  (feature_extractor): PhysicsInformedFeatureExtractor(
    (group_extractors): ModuleDict(
      (environmental): Sequential(
        (0): Linear(in_features=2, out_features=32, bias=True)
        (1): ReLU()
        (2): Dropout(p=0.1, inplace=False)
      )
      (organic_matter): Sequential(
        (0): Linear(in_features=2, out_features=32, bias=True)
        (1): ReLU()
        (2): Dropout(p=0.1, inplace=False)
      )
      (disinfectant): Sequential(
        (0): Linear(in_features=1, out_features=16, bias=True)
        (1): ReLU()
        (2): Dropout(p=0.1, inplace=False)
      )
      (nitrogen_species): Sequential(
        (0): Linear(in_features=2, out_features=32, bias=True)
        (1): ReLU()
        (2): Dropout(p=0.1, inplace=False)
      )
      (halides): Sequential(
        (0): Linear(in_features=1, out_features=16, bias=True)
        (1): ReLU()
        (2): Dropout(p=0.1, inplace=False)
      )
    )
    (chemistry_encoder): Sequential(
      (0): Linear(in_features=3, out_features=16, bias=True)
      (1): ReLU()
      (2): Dropout(p=0.1, inplace=False)
    )
    (interaction_extractor): Sequential(
      (0): Linear(in_features=144, out_features=64, bias=True)
      (1): ReLU()
      (2): Dropout(p=0.2, inplace=False)
      (3): Linear(in_features=64, out_features=32, bias=True)
    )
  )
  (attention): AttentionMechanism(
    (attention): Sequential(
      (0): Linear(in_features=144, out_features=72, bias=True)
      (1): ReLU()
      (2): Linear(in_features=72, out_features=5, bias=True)
      (3): Softmax(dim=1)
    )
  )
  (predictor): DBPsSpecificPredictor(
    (predictors): ModuleList(
      (0-4): 5 x Sequential(
        (0): Linear(in_features=176, out_features=128, bias=True)
        (1): ReLU()
        (2): Dropout(p=0.2, inplace=False)
        (3): Linear(in_features=128, out_features=64, bias=True)
        (4): ReLU()
        (5): Linear(in_features=64, out_features=1, bias=True)
      )
    )
  )
)",0.9944609616202309,0.32374611540397213,0.005539038379769087,0.966569745885552,0.059082651359982606,0.5259917088146312,"[[-2.05130756e-01  6.76992536e-03 -6.00646079e-01 -8.24638382e-02
  -5.50273657e-02]
 [-8.90090942e-01 -8.64724636e-01  1.16414793e-01 -8.33188355e-01
  -7.70536423e-01]
 [-1.04727638e+00 -9.88507032e-01 -7.50195980e-01 -9.66778159e-01
  -9.81926441e-01]
 [ 2.36258611e-01  5.21682203e-01  1.79706216e+00  5.19977629e-01
   5.03333569e-01]
 [ 1.38745569e-02 -4.58222955e-01  2.59078383e-01 -1.63578540e-01
  -2.82025307e-01]
 [-1.77768326e+00 -1.55500865e+00 -1.28385723e+00 -1.67560947e+00
  -1.64365602e+00]
 [ 1.68289244e-03 -9.70209837e-02 -3.78612101e-01 -4.79049385e-02
  -1.09683469e-01]
 [-4.48904812e-01 -5.88364124e-01 -4.39076990e-01 -4.78761077e-01
  -5.12081385e-01]
 [ 4.04424012e-01  8.99787188e-01 -5.02801776e-01  6.90116465e-01
   5.92144608e-01]
 [ 2.82187968e-01  5.08794785e-01  2.36774832e-01  4.95659798e-01
   4.76485848e-01]
 [ 6.76561177e-01  9.07501817e-01  4.10859659e-02  7.98615754e-01
   7.82713056e-01]
 [-1.68062735e+00 -1.44760752e+00 -1.04127824e+00 -1.55895507e+00
  -1.52598000e+00]
 [-2.47899920e-01 -5.45344800e-02 -6.90812945e-01 -1.38730630e-01
  -1.24230266e-01]
 [-5.17496347e-01 -8.31185699e-01  1.31714857e+00 -6.39900267e-01
  -6.69404149e-01]
 [-1.30049264e+00 -1.19607878e+00 -1.05158985e+00 -1.22675061e+00
  -1.23715687e+00]
 [-5.00756562e-01 -3.17265719e-01 -1.40368450e+00 -3.27220500e-01
  -2.41197854e-01]
 [ 3.43338214e-02  2.93104708e-01  1.88904369e+00  2.62318313e-01
   3.47286344e-01]
 [ 4.81515169e-01  9.94105101e-01  3.59352082e-01  7.92288959e-01
   7.43646979e-01]
 [-1.58112860e+00 -1.38529670e+00 -1.75976336e+00 -1.41236401e+00
  -1.44023073e+00]
 [-7.68553317e-01 -7.32866168e-01 -8.65753770e-01 -7.10535228e-01
  -7.46852040e-01]]","{'train_losses': [1.0096110105514526, 0.9982574582099915, 0.9851714372634888, 0.9723497629165649, 0.9605666399002075, 0.9479243755340576, 0.9304460287094116, 0.9234490394592285, 0.9042738676071167, 0.8758463859558105, 0.8573397397994995, 0.84723299741745, 0.8308283686637878, 0.7890039086341858, 0.7649720907211304, 0.7316814064979553, 0.7307109832763672, 0.6917427778244019, 0.6577248573303223, 0.6339923143386841, 0.6266671419143677, 0.5804802775382996, 0.5924389362335205, 0.5635300278663635, 0.5260300636291504, 0.49219071865081787, 0.4621146023273468, 0.46934762597084045, 0.4325823187828064, 0.47298645973205566, 0.4850787818431854, 0.4039447009563446, 0.46795839071273804, 0.41459494829177856, 0.3745112419128418, 0.4208879768848419, 0.3974432349205017, 0.34801891446113586, 0.35462242364883423, 0.3329360783100128, 0.34896159172058105, 0.34235379099845886, 0.3087955713272095, 0.2830617427825928, 0.3063492774963379, 0.2897220253944397, 0.31428709626197815, 0.2895585596561432, 0.27372244000434875, 0.2694927453994751, 0.29621487855911255, 0.2808389365673065, 0.25881507992744446, 0.27577829360961914, 0.26315179467201233, 0.26491376757621765, 0.27471619844436646, 0.22933675348758698, 0.2305181622505188, 0.23839010298252106, 0.2562372088432312, 0.24603065848350525, 0.2116898149251938, 0.21574273705482483, 0.22266831994056702, 0.20175418257713318, 0.2114543616771698, 0.21270178258419037, 0.24144504964351654, 0.2160988748073578, 0.22483690083026886, 0.19779659807682037, 0.1919211447238922, 0.19558028876781464, 0.16474716365337372, 0.1995246708393097, 0.27151304483413696, 0.1785702407360077, 0.19564436376094818, 0.17285415530204773, 0.16064037382602692, 0.1624726504087448, 0.1630457490682602, 0.14297321438789368, 0.1389637291431427, 0.1709362119436264, 0.14142435789108276, 0.18726763129234314, 0.16351400315761566, 0.15161067247390747, 0.10709859430789948, 0.13026179373264313, 0.13638071715831757, 0.14677128195762634, 0.11495828628540039, 0.13434673845767975, 0.15159031748771667, 0.1614408642053604, 0.17763987183570862, 0.11993172019720078, 0.12820449471473694, 0.11633379757404327, 0.149744912981987, 0.134133443236351, 0.11230210214853287, 0.1253775954246521, 0.09343187510967255, 0.1380815953016281, 0.10787925124168396, 0.1324554681777954, 0.10521117597818375, 0.139826700091362, 0.09495438635349274, 0.09729942679405212, 0.11503515392541885, 0.12402297556400299, 0.09171448647975922, 0.09205008298158646, 0.12219125032424927, 0.08700618147850037, 0.10238374024629593, 0.09484364092350006, 0.09575217217206955, 0.09428507834672928, 0.09950236231088638, 0.09530259668827057, 0.07942982017993927, 0.0945381224155426, 0.0835622027516365, 0.06976230442523956, 0.09851670265197754, 0.09665113687515259, 0.07561726123094559, 0.10654759407043457, 0.06994888186454773, 0.08655675500631332, 0.06563364714384079, 0.06185486540198326, 0.09535808861255646, 0.09316152334213257, 0.11165133118629456, 0.10045532137155533, 0.08892149478197098, 0.09040144085884094, 0.09446834027767181, 0.06709279865026474, 0.08291196823120117, 0.0737157016992569, 0.08941711485385895, 0.12171951681375504, 0.07490164041519165, 0.08684486150741577, 0.09674006700515747, 0.09009292721748352, 0.061136677861213684, 0.07355920970439911, 0.0819748118519783, 0.043286602944135666, 0.07518481463193893, 0.06221345439553261, 0.06800369918346405, 0.046240732073783875, 0.07212638109922409, 0.05887939780950546, 0.05790356174111366, 0.06288758665323257, 0.0900191068649292, 0.06766811013221741, 0.05258508399128914, 0.06927797198295593, 0.04591669887304306, 0.06140784174203873, 0.056607436388731, 0.062480174005031586, 0.0772622600197792, 0.10033408552408218, 0.06446114182472229, 0.04697626456618309, 0.042192209511995316, 0.06332024931907654, 0.041205208748579025, 0.06651288270950317, 0.05846570432186127, 0.0540178082883358, 0.0652044415473938, 0.05015554279088974, 0.062442392110824585, 0.06689712405204773, 0.046882059425115585, 0.06979302316904068, 0.054239533841609955, 0.04109949246048927, 0.05716559290885925, 0.07366515696048737, 0.06326999515295029, 0.05556977912783623, 0.05037972331047058, 0.053351473063230515, 0.07301421463489532, 0.04125087335705757, 0.04738141968846321, 0.04078144207596779, 0.05010641738772392, 0.045946914702653885, 0.05029123276472092, 0.05013718828558922, 0.0582517609000206, 0.05533674731850624, 0.06074252352118492, 0.05263403803110123, 0.06373246759176254, 0.055905554443597794, 0.042169105261564255, 0.051843397319316864, 0.04894903302192688, 0.0711839348077774, 0.04816865175962448, 0.045621149241924286, 0.061494410037994385, 0.055046748369932175, 0.05086356773972511, 0.04985295981168747, 0.06447575986385345, 0.06525073200464249, 0.0536595843732357, 0.07125696539878845, 0.04825949668884277, 0.049491096287965775, 0.05353444069623947, 0.0672355517745018, 0.04210209846496582, 0.054312266409397125, 0.04461030662059784, 0.051341164857149124, 0.03905325382947922, 0.053132563829422, 0.04253824055194855, 0.04228825122117996, 0.05864294245839119, 0.0757351890206337, 0.040761109441518784, 0.0360170379281044, 0.03574800491333008, 0.03417589142918587, 0.05100180208683014, 0.03571738675236702, 0.040371354669332504, 0.04820666089653969, 0.0463843010365963, 0.04281773790717125, 0.05208514258265495, 0.03792694956064224, 0.0421597920358181, 0.04696408286690712, 0.03967082500457764, 0.04416287690401077, 0.040514688938856125, 0.051773834973573685, 0.03308890759944916, 0.049745962023735046, 0.03450429439544678, 0.05355459451675415, 0.03470643237233162, 0.03916367515921593, 0.0410725362598896, 0.04641382396221161, 0.04792217165231705, 0.036676499992609024, 0.03991197794675827, 0.03391769528388977, 0.02846141904592514, 0.04208912327885628, 0.033387694507837296, 0.029118282720446587, 0.0409863218665123, 0.039981767535209656, 0.05038662254810333, 0.04207484796643257, 0.02851123735308647, 0.04819324240088463, 0.0462944470345974, 0.03623688966035843, 0.047396644949913025, 0.03631100431084633, 0.04483448714017868, 0.04684123396873474, 0.03155594319105148, 0.03592424839735031, 0.040220558643341064, 0.036330971866846085, 0.043958961963653564, 0.030415045097470284, 0.030673295259475708, 0.040085069835186005, 0.03420935943722725, 0.0443430170416832, 0.028760576620697975, 0.03223782777786255, 0.03758912906050682, 0.027609914541244507], 'test_losses': [1.2895772457122803, 1.165074110031128, 1.0537766218185425, 0.9694900512695312, 0.8954557776451111, 0.8313664197921753, 0.8191942572593689, 0.8346800208091736, 0.8264495730400085, 0.8795902729034424, 0.8534227013587952, 0.8834049701690674, 0.8705888390541077, 0.8984437584877014, 0.9070098400115967, 0.9026105999946594, 0.9312034249305725, 0.9398826360702515, 0.9155513644218445, 0.9420918226242065, 0.9594480395317078, 0.918342113494873, 0.9360966086387634, 0.9909772276878357, 0.9241063594818115, 0.9667797684669495, 0.9499903917312622, 0.9363859295845032, 0.9539975523948669, 0.9450429081916809], 'train_r2_scores': [0.004406324992508925, 0.1686400212912015, 0.4241090291712979, 0.6077303811762252, 0.7079561031795508, 0.7755047945551021, 0.8252804828235473, 0.8570661651989168, 0.885389356454762, 0.9059323490550384, 0.9223827088176682, 0.9356986333400432, 0.9511611673565451, 0.9561770704777042, 0.9645215294619925, 0.9673247527095052, 0.9763989132551648, 0.9828689101671731, 0.9827692086006182, 0.9867285027591983, 0.987556232085123, 0.9862984354951962, 0.9877284685714466, 0.9867839673205019, 0.98843792843718, 0.9898838319196981, 0.9907096449184675, 0.9913870629627162, 0.9926434538061782, 0.9935189529052438], 'test_r2_scores': [-0.1790048574366104, -0.0015243582282623348, 0.14569308024380795, 0.2547002643440603, 0.3392659972364481, 0.3635181437055327, 0.40222946983159635, 0.3774468827652274, 0.4192996392156842, 0.36479717628464603, 0.39403513355562175, 0.40108490883380943, 0.39833642212829345, 0.38574360676014957, 0.3861453804020082, 0.4001703173650979, 0.35431176917157065, 0.341554364310114, 0.3738614830276978, 0.3443799731110179, 0.32925376754114694, 0.35908425896018226, 0.34468343713663724, 0.3014722634714911, 0.3532893624683978, 0.32622667071379424, 0.33140461101273344, 0.3500732070675453, 0.3266039381778407, 0.3365342196808202], 'learning_rates': [0.001, 0.001, 0.001, 0.001, 0.001, 0.001, 0.001, 0.001, 0.001, 0.001, 0.001, 0.001, 0.001, 0.001, 0.001, 0.001, 0.001, 0.001, 0.001, 0.001, 0.001, 0.001, 0.001, 0.001, 0.001, 0.001, 0.001, 0.001, 0.001, 0.001, 0.001, 0.001, 0.001, 0.001, 0.001, 0.001, 0.001, 0.001, 0.001, 0.001, 0.001, 0.001, 0.001, 0.001, 0.001, 0.001, 0.001, 0.001, 0.001, 0.001, 0.001, 0.001, 0.001, 0.001, 0.001, 0.001, 0.001, 0.001, 0.001, 0.001, 0.001, 0.001, 0.001, 0.001, 0.001, 0.001, 0.001, 0.001, 0.001, 0.001, 0.001, 0.001, 0.001, 0.001, 0.001, 0.001, 0.001, 0.001, 0.001, 0.001, 0.001, 0.001, 0.001, 0.001, 0.001, 0.001, 0.001, 0.001, 0.001, 0.001, 0.001, 0.001, 0.001, 0.001, 0.001, 0.001, 0.001, 0.001, 0.001, 0.001, 0.001, 0.001, 0.001, 0.001, 0.001, 0.001, 0.001, 0.001, 0.001, 0.001, 0.001, 0.001, 0.001, 0.001, 0.001, 0.001, 0.001, 0.001, 0.001, 0.001, 0.001, 0.001, 0.001, 0.001, 0.001, 0.001, 0.001, 0.001, 0.001, 0.001, 0.001, 0.001, 0.001, 0.001, 0.001, 0.001, 0.001, 0.001, 0.001, 0.001, 0.001, 0.001, 0.001, 0.001, 0.001, 0.001, 0.001, 0.001, 0.001, 0.001, 0.001, 0.001, 0.001, 0.001, 0.001, 0.001, 0.001, 0.001, 0.001, 0.001, 0.001, 0.001, 0.001, 0.001, 0.001, 0.001, 0.001, 0.001, 0.001, 0.001, 0.001, 0.001, 0.001, 0.001, 0.001, 0.001, 0.001, 0.001, 0.001, 0.001, 0.001, 0.001, 0.001, 0.001, 0.001, 0.001, 0.001, 0.001, 0.001, 0.001, 0.001, 0.001, 0.001, 0.001, 0.001, 0.001, 0.001, 0.001, 0.001, 0.001, 0.001, 0.001, 0.001, 0.001, 0.001, 0.001, 0.001, 0.001, 0.001, 0.001, 0.001, 0.001, 0.001, 0.001, 0.001, 0.001, 0.001, 0.001, 0.001, 0.001, 0.001, 0.001, 0.001, 0.001, 0.001, 0.001, 0.001, 0.001, 0.001, 0.001, 0.001, 0.001, 0.001, 0.001, 0.001, 0.001, 0.001, 0.001, 0.001, 0.001, 0.001, 0.001, 0.001, 0.001, 0.001, 0.001, 0.001, 0.001, 0.001, 0.001, 0.001, 0.001, 0.001, 0.001, 0.001, 0.001, 0.001, 0.001, 0.001, 0.001, 0.001, 0.001, 0.001, 0.001, 0.001, 0.001, 0.001, 0.001, 0.001, 0.001, 0.001, 0.001, 0.001, 0.001, 0.001, 0.001, 0.001, 0.001, 0.001, 0.001, 0.001, 0.001, 0.001, 0.001, 0.001, 0.001, 0.001, 0.001, 0.001, 0.001, 0.001, 0.001, 0.001, 0.001, 0.001, 0.001, 0.001, 0.001, 0.001, 0.001], 'epochs': 300, 'final_metrics': {'train_mse': 0.005539038379769087, 'test_mse': 0.966569745885552, 'train_mae': 0.059082651359982606, 'test_mae': 0.5259917088146312, 'train_r2': 0.9944609616202309, 'test_r2': 0.32374611540397213}}"
789,"MultKAN(
  (act_fun): ModuleList(
    (0-1): 2 x KANLayer(
      (base_fun): SiLU()
    )
  )
  (base_fun): SiLU()
  (symbolic_fun): ModuleList(
    (0-1): 2 x Symbolic_KANLayer()
  )
)",0.791185485821257,0.08007341209482066,0.2088145141787429,1.1677189889933697,0.33229196931079596,0.6830490365102893,"[[-0.74781644 -0.750989   -0.4423178  -0.81138694 -0.7967578 ]
 [ 0.23007844  0.22636013 -0.28322497  0.21341887  0.2498525 ]
 [-0.72082597 -0.6328859  -0.26056632 -0.70445347 -0.67668307]
 [ 0.30485597  0.30115464 -0.26227394  0.28630427  0.32372543]
 [ 0.04929281 -0.06469846  0.8935125  -0.03376814 -0.06037763]
 [-0.67277634 -0.5222982  -0.8951578  -0.59738135 -0.56217104]
 [ 0.05663941 -0.0374834  -0.27756682 -0.00734693 -0.04036502]
 [-0.7422131  -0.708919   -0.8207023  -0.7611273  -0.7656846 ]
 [ 0.75991815  0.5165286  -0.26683006  0.6245402   0.61042106]
 [ 0.63148093  0.29197198 -0.2180227   0.40886822  0.45119902]
 [ 0.47900903  0.6819436   0.08002763  0.6116357   0.62902427]
 [-0.60554665 -0.3938012  -0.65249217 -0.46363586 -0.42462766]
 [-0.01668225 -0.1737719  -0.3755684  -0.1373151  -0.14890444]
 [-0.29368457 -0.3623667  -0.8309269  -0.35587844 -0.38290274]
 [-0.5953698  -0.42410025 -0.2225564  -0.49520615 -0.44706643]
 [-0.08228733 -0.06171279 -0.33341834 -0.0756655  -0.16130456]
 [ 0.61584747  0.43103704 -0.32485896  0.50651395  0.4415185 ]
 [ 0.42759275  0.6114207   0.86615634  0.5404981   0.56806827]
 [-0.81846535 -0.6878693   0.45527625 -0.7934563  -0.7798632 ]
 [-0.74166954 -0.6566824  -0.8914642  -0.7258779  -0.7118404 ]]",
1024,Linear Regression,0.6028078941074503,-0.1433490436485953,0.3971921058925497,1.1772719237493536,0.4693652157015875,0.7539821970958839,,
1024,Ridge Regression,0.6006450490584175,-0.019657635417093554,0.3993549509415825,1.050667804798384,0.4712946568661862,0.7344136882586818,,
1024,Lasso Regression,0.5027098613918282,0.3009788884582343,0.4972901386081718,0.729714139039136,0.525601599970471,0.691854048295782,,
1024,Elastic Net,0.5457704196852114,0.30899643600495263,0.4542295803147887,0.7137391364267953,0.5028116621804382,0.6860414214638993,,
1024,Random Forest,0.9174306333896964,0.24202105604444019,0.08256936661030365,0.7924574601573566,0.20509518087880835,0.6900625802381912,,
1024,Extra Trees,1.0,0.305829905325852,2.292253451275181e-30,0.7399719881798343,9.858735205015494e-16,0.6179941266944582,,
1024,Gradient Boosting,0.9997149753363983,0.32956964134515887,0.0002850246636017106,0.6986126132526117,0.012644851917121214,0.6106311146238536,,
1024,Support Vector Regression,0.7294446647736661,0.5347576261579008,0.2705553352263339,0.47872569867995596,0.291035065288414,0.5001903519235797,,
1024,K-Nearest Neighbors,0.5915533715413925,0.175229929024124,0.40844662845860735,0.8863516144370145,0.5038411999866613,0.7542765983401786,,
1024,Decision Tree,1.0,-0.24825694168435622,0.0,1.3142502221646293,0.0,0.7875160974888031,,
1024,TabNet,0.8131127374663054,0.3875450790788231,0.1868872625336947,0.5447770914752734,0.31198994335609137,0.48968791588756166,,
1024,"BaseNeuralNetwork(
  (hidden_1): Linear(in_features=8, out_features=10, bias=True)
  (hidden_2): Linear(in_features=10, out_features=100, bias=True)
  (hidden_3): Linear(in_features=100, out_features=10, bias=True)
  (predict): Linear(in_features=10, out_features=5, bias=True)
)",0.9970829515726545,0.1539402893033383,0.0029170484273456374,0.8339627365909944,0.03905560575216971,0.613762410660947,"[[-1.082456   -1.1504086  -0.74364024 -1.1402029  -1.1904289 ]
 [-1.0305682  -1.1681281  -0.68887407 -1.1146603  -1.1718819 ]
 [-0.9361199  -0.86376303 -0.77871335 -0.95966136 -0.9549166 ]
 [-1.6440728  -1.2674717  -0.72385156 -1.4774085  -1.5539016 ]
 [ 2.2817888   2.963438   -0.17390524  2.7745721   2.8071775 ]
 [-0.4221754  -0.5954436  -0.45133197 -0.55205166 -0.57039416]
 [ 0.93435156  1.25105    -0.55412084  1.1774536   1.4828837 ]
 [-1.362215   -1.0368912  -0.45610946 -1.2470822  -1.2959864 ]
 [ 0.04115922 -0.5007891   0.72256196 -0.23644795 -0.24967323]
 [ 1.4506395   0.2529927   0.0655445   0.8666447   0.7491922 ]
 [ 0.37294605  1.1209856  -0.81153846  0.77449477  0.66830784]
 [-0.6750611   0.09107201 -0.18593474 -0.28918123 -0.14393753]
 [-0.64890105 -0.45890617 -0.8868984  -0.6360497  -0.6826964 ]
 [-0.48029014 -0.54939115 -0.43290418 -0.57076    -0.55972487]
 [ 1.3505024   2.1817026   0.73033476  1.71242     1.7030783 ]
 [ 1.074754    0.7585416   2.9374154   0.7888085   1.2477139 ]
 [ 0.48661375  1.3414862  -0.10829405  1.0092299   1.1785477 ]
 [ 0.40400797  0.07111481  0.17388497  0.14803168  0.18925962]
 [ 1.0341161   1.452908   -0.47463077  1.3433137   1.6507218 ]
 [-0.26067206  0.05630904 -0.52063626 -0.10814296 -0.05124525]]","{'train_losses': [1.1230048835277557, 1.0073733180761337, 0.9667249595125517, 0.9652592043081919, 0.9477279161413511, 0.9238888000448545, 0.9518028373519579, 0.8334110354383787, 0.7748555587604642, 0.7333548168341318, 0.667485386133194, 0.6300026439130306, 0.5463164032747349, 0.48282171102861565, 0.4810801763087511, 0.41812869906425476, 0.39577428065240383, 0.3847562527904908, 0.36512702113638323, 0.34479003368566435, 0.3479683132221301, 0.33716944977641106, 0.3202637058372299, 0.3137046176319321, 0.294183077601095, 0.31019541807472706, 0.2976090759038925, 0.27539770243068534, 0.28514275622243684, 0.25894123036414385, 0.2774506627271573, 0.24867601754764715, 0.25080746474365395, 0.23673002825429043, 0.24603060291459164, 0.23006527684628963, 0.219373082742095, 0.24097820619742075, 0.2091709990054369, 0.21922964975237846, 0.20367373060435057, 0.21454653687154254, 0.19097103799382845, 0.1932819839566946, 0.2342081256210804, 0.18685105411956707, 0.1768859412210683, 0.20064234671493372, 0.16517150743554035, 0.17468646013488373, 0.1584014274800817, 0.16954268018404642, 0.15993054304271936, 0.1464240380252401, 0.14764059210817018, 0.13683645411704978, 0.13227292305479446, 0.13056926910455027, 0.14104438542077938, 0.13672922854311764, 0.12589010425532857, 0.12065494914228718, 0.12489892387141784, 0.11976057166854541, 0.1132263788798203, 0.12561270819666484, 0.11447949862728517, 0.10558878366524975, 0.11943423414292435, 0.10846453749885161, 0.10278309105585019, 0.09992660054316123, 0.09731405631949504, 0.10085897970323761, 0.09177055978216231, 0.08974687072137992, 0.0864098696038127, 0.08661574668561418, 0.08562981197610497, 0.0847134708892554, 0.08263628712544839, 0.0815075901336968, 0.07784601363042991, 0.07456974025505285, 0.07496106523709993, 0.0741853426831464, 0.07870181874992947, 0.07357081507022183, 0.07204078091308475, 0.07005357625894248, 0.06390056914339463, 0.0647067572766294, 0.06615438560644786, 0.06118490779772401, 0.05947611069617172, 0.0589960718061775, 0.06345994017707805, 0.05662180110812187, 0.0591823267750442, 0.05254457673678795, 0.052305784076452255, 0.05191662829990188, 0.05576917889993638, 0.05427670905676981, 0.04853996836269895, 0.04940773081034422, 0.04893569384391109, 0.04584746450806657, 0.04326982400380075, 0.04320630128495395, 0.04290926790175339, 0.044905754659945764, 0.051649921496088304, 0.04197172067749003, 0.03873561695218086, 0.039042125611255564, 0.03647837353249391, 0.036172652655902006, 0.04081841860897839, 0.039109159843064845, 0.03735519511004289, 0.038589633302763104, 0.0350098085279266, 0.034962664591148496, 0.03137301828246564, 0.030939416494220495, 0.029589340013141435, 0.028200661317290116, 0.02924779678384463, 0.03100705911250164, 0.027368113476162154, 0.032658492758249245, 0.028818222306047876, 0.029891866259276867, 0.032139984890818596, 0.027361013810150325, 0.025824852132548887, 0.024779594348122675, 0.02460991672705859, 0.02506299887318164, 0.024939858121797442, 0.024818530150999624, 0.025191032288906474, 0.02366428457510968, 0.02396803388061623, 0.022970934204446774, 0.02320707616551469, 0.023380665574222803, 0.02240074146538973, 0.021892249623003106, 0.020556927503397066, 0.019741205343355734, 0.020045925009374816, 0.019667092400292557, 0.019265389263940353, 0.01975761082333823, 0.018632330078010757, 0.019105581513334375, 0.020203163924937446, 0.018989302450791, 0.0173190250643529, 0.018537527920367818, 0.017829003899047773, 0.01866268168669194, 0.02269097863851736, 0.022516334429383278, 0.01865170954260975, 0.01692368381191045, 0.01669091162815069, 0.016905282080794375, 0.015111888603617748, 0.015238902279331038, 0.014200529898516834, 0.014906317247853925, 0.014914561567517618, 0.014260323368944228, 0.013815333639892438, 0.013520782483586421, 0.014354939300877353, 0.014801109908148646, 0.013299260133256515, 0.013870763592422009, 0.013367894202626, 0.013783203011068204, 0.013098661787807941, 0.01337754485818247, 0.014521482943867644, 0.01304497521293039, 0.013127779006026685, 0.013338145644714436, 0.012547453787798682, 0.015764474131477375, 0.014512013721590241, 0.013171924084114531, 0.01238750177435577, 0.011508935402768353, 0.011578738456591964, 0.010806793657441935, 0.011408291582483798, 0.010699706055068722, 0.01034600591325822, 0.012757583725033328, 0.010191049814845124, 0.010497742565348744, 0.010570775368250906, 0.0101751908659935, 0.00973636934456105, 0.009839678086185208, 0.00974772657112529, 0.009584258310496807, 0.010026681896609565, 0.009018908972696712, 0.008926957787480205, 0.008346216927748173, 0.008317454436716313, 0.008578262156030783, 0.00857199125069504, 0.008541404677089304, 0.008149680041242391, 0.0088818682221851, 0.009118154179304838, 0.012250211807743957, 0.014622974481123189, 0.015756450748691957, 0.013122572117329886, 0.012308842715962479, 0.010671954912443956, 0.010187416046392173, 0.00788252952042967, 0.007937551844709864, 0.007328335409207891, 0.007796468436329936, 0.006932709288472931, 0.00813636047920833, 0.008135612530168146, 0.008313953614560887, 0.007801338729526226, 0.0069855083905470865, 0.00651091924131227, 0.006890697967416297, 0.007214613220033546, 0.00782215156747649, 0.007842437053720156, 0.00656287936726585, 0.0066498096178596216, 0.005718329329586898, 0.006276848861792435, 0.005611901278219496, 0.005333823995897546, 0.005668536643497646, 0.005284455798876782, 0.005208338193673019, 0.005946608386390532, 0.005541644456873958, 0.004944798982857416, 0.004806764617872735, 0.0047597593123403685, 0.004418923568058138, 0.005034708136615033, 0.005603068527610351, 0.005792344862129539, 0.005283747663876663, 0.0046897172966661555, 0.0044908089136394365, 0.004586466898520787, 0.004552678030449897, 0.004285874388491114, 0.005124435245913143, 0.00495790954058369, 0.004650400796284278, 0.004196699262441446, 0.004040284819590549, 0.00423422784175879, 0.00392981893188941, 0.0036610422345499196, 0.00381190093078961, 0.003824834173428826, 0.0037521964598757527, 0.0043147684870443, 0.004307774414580005, 0.005331217291920136, 0.005921312180968623, 0.004217715681685756, 0.003450284600451899, 0.0034232560525803515, 0.0033068322809413075, 0.0037081196205690503, 0.006915704356894518, 0.0177618816960603, 0.016728068236261606, 0.0216071381388853, 0.012191308313049376, 0.012040754586147765, 0.010218489633795494, 0.009236264935073754, 0.006555745552759618, 0.004445043896945815, 0.004223636933602393, 0.004283147058837737, 0.0046280586199524505], 'test_losses': [1.1624557971954346, 0.8553148508071899, 0.8389831781387329, 0.8320777416229248, 0.9808328747749329, 1.0328660011291504, 1.0205799341201782, 1.0201148986816406, 1.0382261276245117, 0.9625203609466553, 0.9883584380149841, 0.7848013043403625, 0.8237407207489014, 0.7915112972259521, 0.7502710223197937, 0.7608190178871155, 0.7479447722434998, 0.7625024914741516, 0.74403977394104, 0.7153288125991821, 0.745597243309021, 0.743288516998291, 0.7302006483078003, 0.791476845741272, 0.7448480725288391, 0.7427128553390503, 0.7369809150695801, 0.732612669467926, 0.7987745404243469, 0.7899640798568726], 'train_r2_scores': [-0.010846459533079745, 0.3575535418235801, 0.6662883058525472, 0.7455972011678496, 0.8024541119935262, 0.8477576510625037, 0.8772247728968878, 0.9008822459912528, 0.9207204442116904, 0.9351050797433741, 0.9440072352764688, 0.9592035658060688, 0.9654480053072433, 0.9719064577299736, 0.9766164977214583, 0.9804099050495347, 0.9826726620315871, 0.9850014279413409, 0.987052157427585, 0.9870669913407051, 0.9900248253835804, 0.990871782182694, 0.9918301583567528, 0.9917140794040386, 0.9933103509351652, 0.9951975351656557, 0.9949585694442137, 0.9958956730425401, 0.9959459429018913, 0.9806882143701596], 'test_r2_scores': [-0.055590850212146534, 0.20521333636838762, 0.20948363127512248, 0.20823280525288362, 0.08401990059500457, 0.03258814694240031, 0.04364483000604809, 0.04206242513762972, 0.028441220010902567, 0.09022375853513706, 0.06918450658740036, 0.23796935022316917, 0.19712118929150996, 0.22618150539214293, 0.25282408541939877, 0.24296203067003425, 0.25396892518544395, 0.23735003603531787, 0.2478980898935203, 0.27564914732026036, 0.24464597273784383, 0.2399322275505738, 0.25599265828378404, 0.20037881639522676, 0.23605878467487013, 0.23645284524745896, 0.24214940027809026, 0.24611063278279843, 0.18324745946317503, 0.1883675658857657], 'epochs': 300, 'final_metrics': {'train_mse': 0.0029170484273456374, 'test_mse': 0.8339627365909944, 'train_mae': 0.03905560575216971, 'test_mae': 0.613762410660947, 'train_r2': 0.9970829515726545, 'test_r2': 0.1539402893033383}}"
1024,"ExplainableDBPsModel(
  (feature_extractor): PhysicsInformedFeatureExtractor(
    (group_extractors): ModuleDict(
      (environmental): Sequential(
        (0): Linear(in_features=2, out_features=32, bias=True)
        (1): ReLU()
        (2): Dropout(p=0.1, inplace=False)
      )
      (organic_matter): Sequential(
        (0): Linear(in_features=2, out_features=32, bias=True)
        (1): ReLU()
        (2): Dropout(p=0.1, inplace=False)
      )
      (disinfectant): Sequential(
        (0): Linear(in_features=1, out_features=16, bias=True)
        (1): ReLU()
        (2): Dropout(p=0.1, inplace=False)
      )
      (nitrogen_species): Sequential(
        (0): Linear(in_features=2, out_features=32, bias=True)
        (1): ReLU()
        (2): Dropout(p=0.1, inplace=False)
      )
      (halides): Sequential(
        (0): Linear(in_features=1, out_features=16, bias=True)
        (1): ReLU()
        (2): Dropout(p=0.1, inplace=False)
      )
    )
    (chemistry_encoder): Sequential(
      (0): Linear(in_features=3, out_features=16, bias=True)
      (1): ReLU()
      (2): Dropout(p=0.1, inplace=False)
    )
    (interaction_extractor): Sequential(
      (0): Linear(in_features=144, out_features=64, bias=True)
      (1): ReLU()
      (2): Dropout(p=0.2, inplace=False)
      (3): Linear(in_features=64, out_features=32, bias=True)
    )
  )
  (attention): AttentionMechanism(
    (attention): Sequential(
      (0): Linear(in_features=144, out_features=72, bias=True)
      (1): ReLU()
      (2): Linear(in_features=72, out_features=5, bias=True)
      (3): Softmax(dim=1)
    )
  )
  (predictor): DBPsSpecificPredictor(
    (predictors): ModuleList(
      (0-4): 5 x Sequential(
        (0): Linear(in_features=176, out_features=128, bias=True)
        (1): ReLU()
        (2): Dropout(p=0.2, inplace=False)
        (3): Linear(in_features=128, out_features=64, bias=True)
        (4): ReLU()
        (5): Linear(in_features=64, out_features=1, bias=True)
      )
    )
  )
)",0.9938647720646975,-0.11880600987141565,0.0061352279353025655,1.2098139266446073,0.058381117187121266,0.7033205726692698,"[[-0.90503895 -0.8692307  -0.6064648  -0.84958917 -0.85549366]
 [-1.0129404  -1.0687375  -0.7377309  -0.99993855 -1.0233599 ]
 [-0.7072987  -0.7202645  -0.7423655  -0.65812594 -0.72732913]
 [-0.87196195 -0.7783278  -0.7377755  -0.80186784 -0.9514775 ]
 [ 2.1565337   2.7396767  -0.0073307   2.694823    2.7382367 ]
 [-0.5276715  -0.554052   -0.44323865 -0.48298982 -0.53603405]
 [ 2.214901    2.8186228  -0.05581306  2.7754292   2.7845902 ]
 [-0.68159515 -0.67633915 -0.42218798 -0.7025433  -0.69073224]
 [-0.3061238  -0.621056    0.57732236 -0.42861307 -0.43857196]
 [ 1.9997618   0.43163216  1.5738354   1.2799536   1.2052026 ]
 [ 0.11474349  0.7648781  -0.43458575  0.49995664  0.43516344]
 [-0.03648366  0.5944561  -0.02187893  0.42703065  0.38984987]
 [-0.7111067  -0.49694365 -0.8364102  -0.6091578  -0.65539134]
 [-0.44774255 -0.47405657 -0.49185178 -0.3923435  -0.40998897]
 [ 1.3795776   2.04682     0.22715418  1.8692628   1.980053  ]
 [-0.15792494  0.526932   -0.20495819  0.17715299  0.28499258]
 [ 0.1679768   0.9713192  -0.1826074   0.63585293  0.713858  ]
 [ 0.0984697   0.06935194  0.8659082   0.11822861  0.13277629]
 [ 2.2237191   2.7710485  -0.03503872  2.7586467   2.7456663 ]
 [-0.23888043 -0.00586285 -0.55234474 -0.06183211 -0.07405512]]","{'train_losses': [1.0138788223266602, 0.9985851049423218, 0.985044538974762, 0.9770148396492004, 0.9649813771247864, 0.9486951231956482, 0.9323320388793945, 0.9167988300323486, 0.9034196734428406, 0.8769006133079529, 0.8453333973884583, 0.8309129476547241, 0.7898288369178772, 0.7417925596237183, 0.72226482629776, 0.7173423171043396, 0.636595606803894, 0.622550368309021, 0.5742086172103882, 0.5746181011199951, 0.5358800292015076, 0.5295758843421936, 0.5352685451507568, 0.5208472013473511, 0.48485714197158813, 0.47728124260902405, 0.47622227668762207, 0.41904619336128235, 0.4437706470489502, 0.4285978078842163, 0.4110606610774994, 0.4811670780181885, 0.39740127325057983, 0.38330888748168945, 0.3787792921066284, 0.38926616311073303, 0.34940892457962036, 0.3539491593837738, 0.3460664749145508, 0.3291967213153839, 0.3193509578704834, 0.3106340169906616, 0.31091102957725525, 0.3080068826675415, 0.30850154161453247, 0.28308647871017456, 0.27869555354118347, 0.2800593078136444, 0.3046242594718933, 0.2861931025981903, 0.2884843945503235, 0.22982573509216309, 0.25330650806427, 0.21495366096496582, 0.25265994668006897, 0.2460123598575592, 0.19785873591899872, 0.2718956470489502, 0.20088806748390198, 0.2485750913619995, 0.1809127777814865, 0.194022998213768, 0.17971056699752808, 0.1842513084411621, 0.1921238750219345, 0.254433810710907, 0.1986471265554428, 0.2382110059261322, 0.17322149872779846, 0.17714302241802216, 0.17607121169567108, 0.19746308028697968, 0.1878066211938858, 0.17085252702236176, 0.16421988606452942, 0.16267284750938416, 0.1533471643924713, 0.1279541552066803, 0.181472048163414, 0.17949827015399933, 0.14079466462135315, 0.17995283007621765, 0.14454063773155212, 0.15337403118610382, 0.15088339149951935, 0.1398366093635559, 0.12219841033220291, 0.13071168959140778, 0.14007000625133514, 0.18526306748390198, 0.13437941670417786, 0.11528949439525604, 0.11610136181116104, 0.1459246277809143, 0.09995174407958984, 0.13804024457931519, 0.09529220312833786, 0.12137649953365326, 0.10066424310207367, 0.10924587398767471, 0.12708234786987305, 0.11157019436359406, 0.10602717846632004, 0.11535172909498215, 0.1022648736834526, 0.13121987879276276, 0.08398695290088654, 0.1265752613544464, 0.09724357724189758, 0.097235307097435, 0.09329167008399963, 0.09451552480459213, 0.08495111018419266, 0.09915090352296829, 0.0870458260178566, 0.07511858642101288, 0.0930367261171341, 0.10627152770757675, 0.07838462293148041, 0.09761054068803787, 0.13650630414485931, 0.0832652747631073, 0.09867987036705017, 0.07930567115545273, 0.09799183905124664, 0.08957011252641678, 0.10517746955156326, 0.08141431957483292, 0.07317204773426056, 0.08920750766992569, 0.07968053221702576, 0.09201439470052719, 0.07770960032939911, 0.08627153187990189, 0.09356224536895752, 0.09004175662994385, 0.08865794539451599, 0.08438307791948318, 0.0821121335029602, 0.0925850197672844, 0.06480653584003448, 0.07122045010328293, 0.08357954770326614, 0.061560746282339096, 0.08838768303394318, 0.06165758892893791, 0.058553822338581085, 0.06091234087944031, 0.08308068662881851, 0.0646483525633812, 0.07912521064281464, 0.06543979793787003, 0.0560973696410656, 0.054816123098134995, 0.05983138829469681, 0.06923740357160568, 0.06306177377700806, 0.08591437339782715, 0.06666165590286255, 0.05330074205994606, 0.06589000672101974, 0.09060247987508774, 0.06999088823795319, 0.06172738969326019, 0.043474189937114716, 0.06177531182765961, 0.056372303515672684, 0.05546733736991882, 0.054466500878334045, 0.04590505361557007, 0.0666128545999527, 0.05042911693453789, 0.04766887053847313, 0.04459211602807045, 0.06093687564134598, 0.05497945100069046, 0.053048331290483475, 0.04978421702980995, 0.05484116077423096, 0.062431711703538895, 0.05308045446872711, 0.045826055109500885, 0.043170321732759476, 0.052518874406814575, 0.04823148250579834, 0.04134347289800644, 0.055521491914987564, 0.0815020352602005, 0.05048830434679985, 0.06691691279411316, 0.04760396108031273, 0.053850289434194565, 0.059028323739767075, 0.04153815284371376, 0.046728361397981644, 0.039291538298130035, 0.04395263269543648, 0.03329523280262947, 0.038427356630563736, 0.03648993372917175, 0.041035689413547516, 0.05788221210241318, 0.04919342324137688, 0.04738590866327286, 0.04445349797606468, 0.04146284982562065, 0.046501800417900085, 0.045346278697252274, 0.05330486595630646, 0.07470904290676117, 0.0438251718878746, 0.051974035799503326, 0.04460199922323227, 0.03934463858604431, 0.044814977794885635, 0.04381624236702919, 0.04671860486268997, 0.04436396434903145, 0.04747147485613823, 0.04157044738531113, 0.03896734490990639, 0.04489712417125702, 0.04463108628988266, 0.036762502044439316, 0.0461299903690815, 0.05275064334273338, 0.0476420633494854, 0.032333966344594955, 0.03752711042761803, 0.0391106978058815, 0.030882300809025764, 0.034166257828474045, 0.03712444007396698, 0.05080021917819977, 0.03638025000691414, 0.035427432507276535, 0.038567423820495605, 0.04164745658636093, 0.03689806908369064, 0.047870513051748276, 0.03555024787783623, 0.030799325555562973, 0.03393769636750221, 0.04242827743291855, 0.026504427194595337, 0.026326360180974007, 0.03908772021532059, 0.03989240899682045, 0.03061388060450554, 0.02789640799164772, 0.036180317401885986, 0.032224856317043304, 0.031061066314578056, 0.035674337297677994, 0.027714045718312263, 0.03875921666622162, 0.043228209018707275, 0.03873360902070999, 0.0331263430416584, 0.028221016749739647, 0.04293906316161156, 0.023654066026210785, 0.044742681086063385, 0.03854040428996086, 0.028936468064785004, 0.030503371730446815, 0.036705780774354935, 0.03353649005293846, 0.032491374760866165, 0.04281214624643326, 0.03319813683629036, 0.033320099115371704, 0.04602431505918503, 0.032300714403390884, 0.03890720754861832, 0.02739792689681053, 0.039618659764528275, 0.030240029096603394, 0.03993692249059677, 0.033550556749105453, 0.03529525548219681, 0.06255761533975601, 0.026711462065577507, 0.046531401574611664, 0.051633719354867935, 0.029039733111858368, 0.03272970765829086, 0.04300528019666672, 0.033766843378543854, 0.031631484627723694, 0.030630668625235558, 0.03840092942118645, 0.052442584186792374, 0.03077339008450508, 0.03403201699256897, 0.038009338080883026, 0.0377260223031044, 0.030508069321513176, 0.032918594777584076, 0.03414704278111458], 'test_losses': [1.1298887729644775, 0.9038678407669067, 0.7606947422027588, 0.7077708840370178, 0.7416176199913025, 0.8149384260177612, 0.9459553360939026, 0.9961042404174805, 1.0490024089813232, 1.1641087532043457, 1.159311056137085, 1.0429508686065674, 1.090693473815918, 1.0870574712753296, 1.0777524709701538, 1.0710481405258179, 1.0965873003005981, 1.12073814868927, 1.1467818021774292, 1.2024672031402588, 1.1569937467575073, 1.0997405052185059, 1.1048885583877563, 1.1262071132659912, 1.1355233192443848, 1.1823809146881104, 1.1689186096191406, 1.1118099689483643, 1.1841191053390503, 1.1533714532852173], 'train_r2_scores': [0.004302535634475868, 0.18735610576695136, 0.4860893314992243, 0.6206544347492094, 0.7195514580821497, 0.7920860434979895, 0.8360345293026132, 0.878142302111001, 0.9049593440754249, 0.9241316480598407, 0.9357533816899805, 0.9484217751170991, 0.9584151973574251, 0.9608778115095393, 0.9556433151509076, 0.9748540172555279, 0.97823992171002, 0.984243621208219, 0.9846608359856439, 0.9849884706325704, 0.9887437256199076, 0.9884564059612817, 0.9886797481804888, 0.990277853568099, 0.9921925184291354, 0.99464533896241, 0.9936566723148763, 0.9905262792930241, 0.9918287826454211, 0.9918991168726746], 'test_r2_scores': [-0.01725228151460907, 0.17065101026861904, 0.27149168643521626, 0.3153215761825575, 0.2928195986559885, 0.23032823687006715, 0.11354336083758605, 0.07095826425018922, 0.02661476733515744, -0.07459678814362296, -0.07485073241056203, 0.024001460566411503, -0.010882232497428989, -0.023478155939179478, -0.031602210066663326, 0.0028075047005571285, -0.013049969760675628, -0.040406348066237795, -0.07658520707715051, -0.11462282967429734, -0.07271576458624056, -0.023384465671037847, -0.03335586641967372, -0.04417123883793443, -0.05542347346463694, -0.0925874461490254, -0.07685727831386384, -0.03458965922714876, -0.10017259592263858, -0.05941486859206495], 'learning_rates': [0.001, 0.001, 0.001, 0.001, 0.001, 0.001, 0.001, 0.001, 0.001, 0.001, 0.001, 0.001, 0.001, 0.001, 0.001, 0.001, 0.001, 0.001, 0.001, 0.001, 0.001, 0.001, 0.001, 0.001, 0.001, 0.001, 0.001, 0.001, 0.001, 0.001, 0.001, 0.001, 0.001, 0.001, 0.001, 0.001, 0.001, 0.001, 0.001, 0.001, 0.001, 0.001, 0.001, 0.001, 0.001, 0.001, 0.001, 0.001, 0.001, 0.001, 0.001, 0.001, 0.001, 0.001, 0.001, 0.001, 0.001, 0.001, 0.001, 0.001, 0.001, 0.001, 0.001, 0.001, 0.001, 0.001, 0.001, 0.001, 0.001, 0.001, 0.001, 0.001, 0.001, 0.001, 0.001, 0.001, 0.001, 0.001, 0.001, 0.001, 0.001, 0.001, 0.001, 0.001, 0.001, 0.001, 0.001, 0.001, 0.001, 0.001, 0.001, 0.001, 0.001, 0.001, 0.001, 0.001, 0.001, 0.001, 0.001, 0.001, 0.001, 0.001, 0.001, 0.001, 0.001, 0.001, 0.001, 0.001, 0.001, 0.001, 0.001, 0.001, 0.001, 0.001, 0.001, 0.001, 0.001, 0.001, 0.001, 0.001, 0.001, 0.001, 0.001, 0.001, 0.001, 0.001, 0.001, 0.001, 0.001, 0.001, 0.001, 0.001, 0.001, 0.001, 0.001, 0.001, 0.001, 0.001, 0.001, 0.001, 0.001, 0.001, 0.001, 0.001, 0.001, 0.001, 0.001, 0.001, 0.001, 0.001, 0.001, 0.001, 0.001, 0.001, 0.001, 0.001, 0.001, 0.001, 0.001, 0.001, 0.001, 0.001, 0.001, 0.001, 0.001, 0.001, 0.001, 0.001, 0.001, 0.001, 0.001, 0.001, 0.001, 0.001, 0.001, 0.001, 0.001, 0.001, 0.001, 0.001, 0.001, 0.001, 0.001, 0.001, 0.001, 0.001, 0.001, 0.001, 0.001, 0.001, 0.001, 0.001, 0.001, 0.001, 0.001, 0.001, 0.001, 0.001, 0.001, 0.001, 0.001, 0.001, 0.001, 0.001, 0.001, 0.001, 0.001, 0.001, 0.001, 0.001, 0.001, 0.001, 0.001, 0.001, 0.001, 0.001, 0.001, 0.001, 0.001, 0.001, 0.001, 0.001, 0.001, 0.001, 0.001, 0.001, 0.001, 0.001, 0.001, 0.001, 0.001, 0.001, 0.001, 0.001, 0.001, 0.001, 0.001, 0.001, 0.001, 0.001, 0.001, 0.001, 0.001, 0.001, 0.001, 0.001, 0.001, 0.001, 0.001, 0.001, 0.001, 0.001, 0.001, 0.001, 0.001, 0.001, 0.001, 0.001, 0.001, 0.001, 0.001, 0.001, 0.001, 0.001, 0.001, 0.001, 0.001, 0.001, 0.001, 0.001, 0.001, 0.001, 0.001, 0.001, 0.001, 0.001, 0.001, 0.001, 0.001, 0.001, 0.001, 0.001, 0.001, 0.001, 0.001, 0.001, 0.001, 0.001, 0.001, 0.001, 0.001, 0.001, 0.001, 0.001, 0.001, 0.001, 0.001, 0.001, 0.001, 0.001], 'epochs': 300, 'final_metrics': {'train_mse': 0.0061352279353025655, 'test_mse': 1.2098139266446073, 'train_mae': 0.058381117187121266, 'test_mae': 0.7033205726692698, 'train_r2': 0.9938647720646975, 'test_r2': -0.11880600987141565}}"
1024,"MultKAN(
  (act_fun): ModuleList(
    (0-1): 2 x KANLayer(
      (base_fun): SiLU()
    )
  )
  (base_fun): SiLU()
  (symbolic_fun): ModuleList(
    (0-1): 2 x Symbolic_KANLayer()
  )
)",0.7030478423571787,-0.3355585032185487,0.29695215764282124,1.4721652264403347,0.36026476711350525,0.9101752633803921,"[[-0.32219616 -0.25223017  0.04307699 -0.30103976 -0.326373  ]
 [-0.7731688  -0.73801905  0.04314518 -0.758343   -0.75677073]
 [-0.5891112  -0.5410216   0.04216671 -0.56651175 -0.5593294 ]
 [-0.8015506  -0.764122    0.04313952 -0.7853575  -0.7815419 ]
 [ 1.3007469   2.1075628   0.04139829  1.8810654   1.7747841 ]
 [-0.656827   -0.6207885   0.04254723 -0.6421279  -0.64427114]
 [ 1.2064369   1.9556195   0.04018527  1.7493382   1.6664944 ]
 [-0.80228204 -0.7653705   0.04213631 -0.7863841  -0.78288424]
 [-0.34832814 -0.29271936  0.04210067 -0.32952237 -0.34629807]
 [-0.80006635 -0.76375735  0.04297698 -0.7845156  -0.78145677]
 [-0.6098446  -0.5624538   0.04243809 -0.58769137 -0.580668  ]
 [ 2.113824    1.2320213   0.04229796  1.6505487   1.6651249 ]
 [ 2.9454608   2.2181358   0.04233086  2.6104903   2.6889334 ]
 [-0.6828462  -0.63815385  0.04229212 -0.6623799  -0.6560068 ]
 [ 1.1740948   1.2545135   0.04476124  1.3028834   1.340204  ]
 [-0.6172813  -0.58025676  0.04025465 -0.602369   -0.6057308 ]
 [ 0.6158628   0.33675808  0.04502457  0.46286017  0.4625285 ]
 [-0.71354824 -0.6701535   0.04256177 -0.6938728  -0.687842  ]
 [ 1.0692724   1.662127    0.04020065  1.5129905   1.4770193 ]
 [ 0.7935857   0.43770793  0.04572457  0.599168    0.5969857 ]]",
